feature,episode,length,reward
不处理,0,200.0,-200.0
不处理,1,200.0,-200.0
不处理,2,200.0,-200.0
不处理,3,200.0,-200.0
不处理,4,200.0,-200.0
不处理,5,200.0,-200.0
不处理,6,200.0,-200.0
不处理,7,200.0,-200.0
不处理,8,200.0,-200.0
不处理,9,200.0,-200.0
不处理,10,200.0,-200.0
不处理,11,200.0,-200.0
不处理,12,200.0,-200.0
不处理,13,200.0,-200.0
不处理,14,200.0,-200.0
不处理,15,200.0,-200.0
不处理,16,200.0,-200.0
不处理,17,200.0,-200.0
不处理,18,200.0,-200.0
不处理,19,200.0,-200.0
不处理,20,200.0,-200.0
不处理,21,200.0,-200.0
不处理,22,200.0,-200.0
不处理,23,200.0,-200.0
不处理,24,200.0,-200.0
不处理,25,200.0,-200.0
不处理,26,200.0,-200.0
不处理,27,200.0,-200.0
不处理,28,200.0,-200.0
不处理,29,200.0,-200.0
不处理,30,200.0,-200.0
不处理,31,200.0,-200.0
不处理,32,200.0,-200.0
不处理,33,200.0,-200.0
不处理,34,200.0,-200.0
不处理,35,200.0,-200.0
不处理,36,200.0,-200.0
不处理,37,200.0,-200.0
不处理,38,200.0,-200.0
不处理,39,200.0,-200.0
不处理,40,200.0,-200.0
不处理,41,200.0,-200.0
不处理,42,200.0,-200.0
不处理,43,200.0,-200.0
不处理,44,200.0,-200.0
不处理,45,200.0,-200.0
不处理,46,200.0,-200.0
不处理,47,200.0,-200.0
不处理,48,200.0,-200.0
不处理,49,200.0,-200.0
不处理,50,200.0,-200.0
不处理,51,200.0,-200.0
不处理,52,200.0,-200.0
不处理,53,200.0,-200.0
不处理,54,200.0,-200.0
不处理,55,200.0,-200.0
不处理,56,200.0,-200.0
不处理,57,200.0,-200.0
不处理,58,200.0,-200.0
不处理,59,200.0,-200.0
不处理,60,200.0,-200.0
不处理,61,200.0,-200.0
不处理,62,200.0,-200.0
不处理,63,200.0,-200.0
不处理,64,200.0,-200.0
不处理,65,200.0,-200.0
不处理,66,200.0,-200.0
不处理,67,200.0,-200.0
不处理,68,200.0,-200.0
不处理,69,200.0,-200.0
不处理,70,200.0,-200.0
不处理,71,200.0,-200.0
不处理,72,200.0,-200.0
不处理,73,200.0,-200.0
不处理,74,200.0,-200.0
不处理,75,200.0,-200.0
不处理,76,200.0,-200.0
不处理,77,200.0,-200.0
不处理,78,200.0,-200.0
不处理,79,200.0,-200.0
不处理,80,200.0,-200.0
不处理,81,200.0,-200.0
不处理,82,200.0,-200.0
不处理,83,200.0,-200.0
不处理,84,200.0,-200.0
不处理,85,200.0,-200.0
不处理,86,200.0,-200.0
不处理,87,200.0,-200.0
不处理,88,200.0,-200.0
不处理,89,200.0,-200.0
不处理,90,200.0,-200.0
不处理,91,200.0,-200.0
不处理,92,200.0,-200.0
不处理,93,200.0,-200.0
不处理,94,200.0,-200.0
不处理,95,200.0,-200.0
不处理,96,200.0,-200.0
不处理,97,200.0,-200.0
不处理,98,200.0,-200.0
不处理,99,200.0,-200.0
不处理,100,200.0,-200.0
不处理,101,200.0,-200.0
不处理,102,200.0,-200.0
不处理,103,200.0,-200.0
不处理,104,200.0,-200.0
不处理,105,200.0,-200.0
不处理,106,200.0,-200.0
不处理,107,200.0,-200.0
不处理,108,200.0,-200.0
不处理,109,200.0,-200.0
不处理,110,200.0,-200.0
不处理,111,200.0,-200.0
不处理,112,200.0,-200.0
不处理,113,200.0,-200.0
不处理,114,200.0,-200.0
不处理,115,200.0,-200.0
不处理,116,200.0,-200.0
不处理,117,200.0,-200.0
不处理,118,200.0,-200.0
不处理,119,200.0,-200.0
不处理,120,200.0,-200.0
不处理,121,200.0,-200.0
不处理,122,200.0,-200.0
不处理,123,200.0,-200.0
不处理,124,200.0,-200.0
不处理,125,200.0,-200.0
不处理,126,200.0,-200.0
不处理,127,200.0,-200.0
不处理,128,200.0,-200.0
不处理,129,200.0,-200.0
不处理,130,200.0,-200.0
不处理,131,200.0,-200.0
不处理,132,200.0,-200.0
不处理,133,200.0,-200.0
不处理,134,200.0,-200.0
不处理,135,200.0,-200.0
不处理,136,200.0,-200.0
不处理,137,200.0,-200.0
不处理,138,200.0,-200.0
不处理,139,200.0,-200.0
不处理,140,200.0,-200.0
不处理,141,200.0,-200.0
不处理,142,200.0,-200.0
不处理,143,200.0,-200.0
不处理,144,200.0,-200.0
不处理,145,200.0,-200.0
不处理,146,200.0,-200.0
不处理,147,200.0,-200.0
不处理,148,200.0,-200.0
不处理,149,200.0,-200.0
不处理,150,200.0,-200.0
不处理,151,200.0,-200.0
不处理,152,200.0,-200.0
不处理,153,200.0,-200.0
不处理,154,200.0,-200.0
不处理,155,200.0,-200.0
不处理,156,200.0,-200.0
不处理,157,200.0,-200.0
不处理,158,200.0,-200.0
不处理,159,200.0,-200.0
不处理,160,200.0,-200.0
不处理,161,200.0,-200.0
不处理,162,200.0,-200.0
不处理,163,200.0,-200.0
不处理,164,200.0,-200.0
不处理,165,200.0,-200.0
不处理,166,200.0,-200.0
不处理,167,200.0,-200.0
不处理,168,200.0,-200.0
不处理,169,200.0,-200.0
不处理,170,200.0,-200.0
不处理,171,200.0,-200.0
不处理,172,200.0,-200.0
不处理,173,200.0,-200.0
不处理,174,200.0,-200.0
不处理,175,200.0,-200.0
不处理,176,200.0,-200.0
不处理,177,200.0,-200.0
不处理,178,200.0,-200.0
不处理,179,200.0,-200.0
不处理,180,200.0,-200.0
不处理,181,200.0,-200.0
不处理,182,200.0,-200.0
不处理,183,200.0,-200.0
不处理,184,200.0,-200.0
不处理,185,200.0,-200.0
不处理,186,200.0,-200.0
不处理,187,200.0,-200.0
不处理,188,200.0,-200.0
不处理,189,200.0,-200.0
不处理,190,200.0,-200.0
不处理,191,200.0,-200.0
不处理,192,200.0,-200.0
不处理,193,200.0,-200.0
不处理,194,200.0,-200.0
不处理,195,200.0,-200.0
不处理,196,200.0,-200.0
不处理,197,200.0,-200.0
不处理,198,200.0,-200.0
不处理,199,200.0,-200.0
不处理,200,200.0,-200.0
不处理,201,200.0,-200.0
不处理,202,200.0,-200.0
不处理,203,200.0,-200.0
不处理,204,200.0,-200.0
不处理,205,200.0,-200.0
不处理,206,200.0,-200.0
不处理,207,200.0,-200.0
不处理,208,200.0,-200.0
不处理,209,200.0,-200.0
不处理,210,200.0,-200.0
不处理,211,200.0,-200.0
不处理,212,200.0,-200.0
不处理,213,200.0,-200.0
不处理,214,200.0,-200.0
不处理,215,200.0,-200.0
不处理,216,200.0,-200.0
不处理,217,200.0,-200.0
不处理,218,200.0,-200.0
不处理,219,200.0,-200.0
不处理,220,200.0,-200.0
不处理,221,200.0,-200.0
不处理,222,200.0,-200.0
不处理,223,200.0,-200.0
不处理,224,200.0,-200.0
不处理,225,200.0,-200.0
不处理,226,200.0,-200.0
不处理,227,200.0,-200.0
不处理,228,200.0,-200.0
不处理,229,200.0,-200.0
不处理,230,200.0,-200.0
不处理,231,200.0,-200.0
不处理,232,200.0,-200.0
不处理,233,200.0,-200.0
不处理,234,200.0,-200.0
不处理,235,200.0,-200.0
不处理,236,200.0,-200.0
不处理,237,200.0,-200.0
不处理,238,200.0,-200.0
不处理,239,200.0,-200.0
不处理,240,200.0,-200.0
不处理,241,200.0,-200.0
不处理,242,200.0,-200.0
不处理,243,200.0,-200.0
不处理,244,200.0,-200.0
不处理,245,200.0,-200.0
不处理,246,200.0,-200.0
不处理,247,200.0,-200.0
不处理,248,200.0,-200.0
不处理,249,200.0,-200.0
不处理,250,200.0,-200.0
不处理,251,200.0,-200.0
不处理,252,200.0,-200.0
不处理,253,200.0,-200.0
不处理,254,200.0,-200.0
不处理,255,200.0,-200.0
不处理,256,200.0,-200.0
不处理,257,200.0,-200.0
不处理,258,200.0,-200.0
不处理,259,200.0,-200.0
不处理,260,200.0,-200.0
不处理,261,200.0,-200.0
不处理,262,200.0,-200.0
不处理,263,200.0,-200.0
不处理,264,200.0,-200.0
不处理,265,200.0,-200.0
不处理,266,200.0,-200.0
不处理,267,200.0,-200.0
不处理,268,200.0,-200.0
不处理,269,200.0,-200.0
不处理,270,200.0,-200.0
不处理,271,200.0,-200.0
不处理,272,200.0,-200.0
不处理,273,200.0,-200.0
不处理,274,200.0,-200.0
不处理,275,200.0,-200.0
不处理,276,200.0,-200.0
不处理,277,200.0,-200.0
不处理,278,200.0,-200.0
不处理,279,200.0,-200.0
不处理,280,200.0,-200.0
不处理,281,200.0,-200.0
不处理,282,200.0,-200.0
不处理,283,200.0,-200.0
不处理,284,200.0,-200.0
不处理,285,200.0,-200.0
不处理,286,200.0,-200.0
不处理,287,200.0,-200.0
不处理,288,200.0,-200.0
不处理,289,200.0,-200.0
不处理,290,200.0,-200.0
不处理,291,200.0,-200.0
不处理,292,200.0,-200.0
不处理,293,200.0,-200.0
不处理,294,200.0,-200.0
不处理,295,200.0,-200.0
不处理,296,200.0,-200.0
不处理,297,200.0,-200.0
不处理,298,200.0,-200.0
不处理,299,200.0,-200.0
不处理,300,200.0,-200.0
不处理,301,200.0,-200.0
不处理,302,200.0,-200.0
不处理,303,200.0,-200.0
不处理,304,200.0,-200.0
不处理,305,200.0,-200.0
不处理,306,200.0,-200.0
不处理,307,200.0,-200.0
不处理,308,200.0,-200.0
不处理,309,200.0,-200.0
不处理,310,200.0,-200.0
不处理,311,200.0,-200.0
不处理,312,200.0,-200.0
不处理,313,200.0,-200.0
不处理,314,200.0,-200.0
不处理,315,200.0,-200.0
不处理,316,200.0,-200.0
不处理,317,200.0,-200.0
不处理,318,200.0,-200.0
不处理,319,200.0,-200.0
不处理,320,200.0,-200.0
不处理,321,200.0,-200.0
不处理,322,200.0,-200.0
不处理,323,200.0,-200.0
不处理,324,200.0,-200.0
不处理,325,200.0,-200.0
不处理,326,200.0,-200.0
不处理,327,200.0,-200.0
不处理,328,200.0,-200.0
不处理,329,200.0,-200.0
不处理,330,200.0,-200.0
不处理,331,200.0,-200.0
不处理,332,200.0,-200.0
不处理,333,200.0,-200.0
不处理,334,200.0,-200.0
不处理,335,200.0,-200.0
不处理,336,200.0,-200.0
不处理,337,200.0,-200.0
不处理,338,200.0,-200.0
不处理,339,200.0,-200.0
不处理,340,200.0,-200.0
不处理,341,200.0,-200.0
不处理,342,200.0,-200.0
不处理,343,200.0,-200.0
不处理,344,200.0,-200.0
不处理,345,200.0,-200.0
不处理,346,200.0,-200.0
不处理,347,200.0,-200.0
不处理,348,200.0,-200.0
不处理,349,200.0,-200.0
不处理,350,200.0,-200.0
不处理,351,200.0,-200.0
不处理,352,200.0,-200.0
不处理,353,200.0,-200.0
不处理,354,200.0,-200.0
不处理,355,200.0,-200.0
不处理,356,200.0,-200.0
不处理,357,200.0,-200.0
不处理,358,200.0,-200.0
不处理,359,200.0,-200.0
不处理,360,200.0,-200.0
不处理,361,200.0,-200.0
不处理,362,200.0,-200.0
不处理,363,200.0,-200.0
不处理,364,200.0,-200.0
不处理,365,200.0,-200.0
不处理,366,200.0,-200.0
不处理,367,200.0,-200.0
不处理,368,200.0,-200.0
不处理,369,200.0,-200.0
不处理,370,200.0,-200.0
不处理,371,200.0,-200.0
不处理,372,200.0,-200.0
不处理,373,200.0,-200.0
不处理,374,200.0,-200.0
不处理,375,200.0,-200.0
不处理,376,200.0,-200.0
不处理,377,200.0,-200.0
不处理,378,200.0,-200.0
不处理,379,200.0,-200.0
不处理,380,200.0,-200.0
不处理,381,200.0,-200.0
不处理,382,200.0,-200.0
不处理,383,200.0,-200.0
不处理,384,200.0,-200.0
不处理,385,200.0,-200.0
不处理,386,200.0,-200.0
不处理,387,200.0,-200.0
不处理,388,200.0,-200.0
不处理,389,200.0,-200.0
不处理,390,200.0,-200.0
不处理,391,200.0,-200.0
不处理,392,200.0,-200.0
不处理,393,200.0,-200.0
不处理,394,200.0,-200.0
不处理,395,200.0,-200.0
不处理,396,200.0,-200.0
不处理,397,200.0,-200.0
不处理,398,200.0,-200.0
不处理,399,200.0,-200.0
不处理,400,200.0,-200.0
不处理,401,200.0,-200.0
不处理,402,200.0,-200.0
不处理,403,200.0,-200.0
不处理,404,200.0,-200.0
不处理,405,200.0,-200.0
不处理,406,200.0,-200.0
不处理,407,200.0,-200.0
不处理,408,200.0,-200.0
不处理,409,200.0,-200.0
不处理,410,200.0,-200.0
不处理,411,200.0,-200.0
不处理,412,200.0,-200.0
不处理,413,200.0,-200.0
不处理,414,200.0,-200.0
不处理,415,200.0,-200.0
不处理,416,200.0,-200.0
不处理,417,200.0,-200.0
不处理,418,200.0,-200.0
不处理,419,200.0,-200.0
不处理,420,200.0,-200.0
不处理,421,200.0,-200.0
不处理,422,200.0,-200.0
不处理,423,200.0,-200.0
不处理,424,200.0,-200.0
不处理,425,200.0,-200.0
不处理,426,200.0,-200.0
不处理,427,200.0,-200.0
不处理,428,200.0,-200.0
不处理,429,200.0,-200.0
不处理,430,200.0,-200.0
不处理,431,200.0,-200.0
不处理,432,200.0,-200.0
不处理,433,200.0,-200.0
不处理,434,200.0,-200.0
不处理,435,200.0,-200.0
不处理,436,200.0,-200.0
不处理,437,200.0,-200.0
不处理,438,200.0,-200.0
不处理,439,200.0,-200.0
不处理,440,200.0,-200.0
不处理,441,200.0,-200.0
不处理,442,200.0,-200.0
不处理,443,200.0,-200.0
不处理,444,200.0,-200.0
不处理,445,200.0,-200.0
不处理,446,200.0,-200.0
不处理,447,200.0,-200.0
不处理,448,200.0,-200.0
不处理,449,200.0,-200.0
不处理,450,200.0,-200.0
不处理,451,200.0,-200.0
不处理,452,200.0,-200.0
不处理,453,200.0,-200.0
不处理,454,200.0,-200.0
不处理,455,200.0,-200.0
不处理,456,200.0,-200.0
不处理,457,200.0,-200.0
不处理,458,200.0,-200.0
不处理,459,200.0,-200.0
不处理,460,200.0,-200.0
不处理,461,200.0,-200.0
不处理,462,200.0,-200.0
不处理,463,200.0,-200.0
不处理,464,200.0,-200.0
不处理,465,200.0,-200.0
不处理,466,200.0,-200.0
不处理,467,200.0,-200.0
不处理,468,200.0,-200.0
不处理,469,200.0,-200.0
不处理,470,200.0,-200.0
不处理,471,200.0,-200.0
不处理,472,200.0,-200.0
不处理,473,200.0,-200.0
不处理,474,200.0,-200.0
不处理,475,200.0,-200.0
不处理,476,200.0,-200.0
不处理,477,200.0,-200.0
不处理,478,200.0,-200.0
不处理,479,200.0,-200.0
不处理,480,200.0,-200.0
不处理,481,200.0,-200.0
不处理,482,200.0,-200.0
不处理,483,200.0,-200.0
不处理,484,200.0,-200.0
不处理,485,200.0,-200.0
不处理,486,200.0,-200.0
不处理,487,200.0,-200.0
不处理,488,200.0,-200.0
不处理,489,200.0,-200.0
不处理,490,200.0,-200.0
不处理,491,200.0,-200.0
不处理,492,200.0,-200.0
不处理,493,200.0,-200.0
不处理,494,200.0,-200.0
不处理,495,200.0,-200.0
不处理,496,200.0,-200.0
不处理,497,200.0,-200.0
不处理,498,200.0,-200.0
不处理,499,200.0,-200.0
不处理,500,200.0,-200.0
不处理,501,200.0,-200.0
不处理,502,200.0,-200.0
不处理,503,200.0,-200.0
不处理,504,200.0,-200.0
不处理,505,200.0,-200.0
不处理,506,200.0,-200.0
不处理,507,200.0,-200.0
不处理,508,200.0,-200.0
不处理,509,200.0,-200.0
不处理,510,200.0,-200.0
不处理,511,200.0,-200.0
不处理,512,200.0,-200.0
不处理,513,200.0,-200.0
不处理,514,200.0,-200.0
不处理,515,200.0,-200.0
不处理,516,200.0,-200.0
不处理,517,200.0,-200.0
不处理,518,200.0,-200.0
不处理,519,200.0,-200.0
不处理,520,200.0,-200.0
不处理,521,200.0,-200.0
不处理,522,200.0,-200.0
不处理,523,200.0,-200.0
不处理,524,200.0,-200.0
不处理,525,200.0,-200.0
不处理,526,200.0,-200.0
不处理,527,200.0,-200.0
不处理,528,200.0,-200.0
不处理,529,200.0,-200.0
不处理,530,200.0,-200.0
不处理,531,200.0,-200.0
不处理,532,200.0,-200.0
不处理,533,200.0,-200.0
不处理,534,200.0,-200.0
不处理,535,200.0,-200.0
不处理,536,200.0,-200.0
不处理,537,200.0,-200.0
不处理,538,200.0,-200.0
不处理,539,200.0,-200.0
不处理,540,200.0,-200.0
不处理,541,200.0,-200.0
不处理,542,200.0,-200.0
不处理,543,200.0,-200.0
不处理,544,200.0,-200.0
不处理,545,200.0,-200.0
不处理,546,200.0,-200.0
不处理,547,200.0,-200.0
不处理,548,200.0,-200.0
不处理,549,200.0,-200.0
不处理,550,200.0,-200.0
不处理,551,200.0,-200.0
不处理,552,200.0,-200.0
不处理,553,200.0,-200.0
不处理,554,200.0,-200.0
不处理,555,200.0,-200.0
不处理,556,200.0,-200.0
不处理,557,200.0,-200.0
不处理,558,200.0,-200.0
不处理,559,200.0,-200.0
不处理,560,200.0,-200.0
不处理,561,200.0,-200.0
不处理,562,200.0,-200.0
不处理,563,200.0,-200.0
不处理,564,200.0,-200.0
不处理,565,200.0,-200.0
不处理,566,200.0,-200.0
不处理,567,200.0,-200.0
不处理,568,200.0,-200.0
不处理,569,200.0,-200.0
不处理,570,200.0,-200.0
不处理,571,200.0,-200.0
不处理,572,200.0,-200.0
不处理,573,200.0,-200.0
不处理,574,200.0,-200.0
不处理,575,200.0,-200.0
不处理,576,200.0,-200.0
不处理,577,200.0,-200.0
不处理,578,200.0,-200.0
不处理,579,200.0,-200.0
不处理,580,200.0,-200.0
不处理,581,200.0,-200.0
不处理,582,200.0,-200.0
不处理,583,200.0,-200.0
不处理,584,200.0,-200.0
不处理,585,200.0,-200.0
不处理,586,200.0,-200.0
不处理,587,200.0,-200.0
不处理,588,200.0,-200.0
不处理,589,200.0,-200.0
不处理,590,200.0,-200.0
不处理,591,200.0,-200.0
不处理,592,200.0,-200.0
不处理,593,200.0,-200.0
不处理,594,200.0,-200.0
不处理,595,200.0,-200.0
不处理,596,200.0,-200.0
不处理,597,200.0,-200.0
不处理,598,200.0,-200.0
不处理,599,200.0,-200.0
不处理,600,200.0,-200.0
不处理,601,200.0,-200.0
不处理,602,200.0,-200.0
不处理,603,200.0,-200.0
不处理,604,200.0,-200.0
不处理,605,200.0,-200.0
不处理,606,200.0,-200.0
不处理,607,200.0,-200.0
不处理,608,200.0,-200.0
不处理,609,200.0,-200.0
不处理,610,200.0,-200.0
不处理,611,200.0,-200.0
不处理,612,200.0,-200.0
不处理,613,200.0,-200.0
不处理,614,200.0,-200.0
不处理,615,200.0,-200.0
不处理,616,200.0,-200.0
不处理,617,200.0,-200.0
不处理,618,200.0,-200.0
不处理,619,200.0,-200.0
不处理,620,200.0,-200.0
不处理,621,200.0,-200.0
不处理,622,200.0,-200.0
不处理,623,200.0,-200.0
不处理,624,200.0,-200.0
不处理,625,200.0,-200.0
不处理,626,200.0,-200.0
不处理,627,200.0,-200.0
不处理,628,200.0,-200.0
不处理,629,200.0,-200.0
不处理,630,200.0,-200.0
不处理,631,200.0,-200.0
不处理,632,200.0,-200.0
不处理,633,200.0,-200.0
不处理,634,200.0,-200.0
不处理,635,200.0,-200.0
不处理,636,200.0,-200.0
不处理,637,200.0,-200.0
不处理,638,200.0,-200.0
不处理,639,200.0,-200.0
不处理,640,200.0,-200.0
不处理,641,200.0,-200.0
不处理,642,200.0,-200.0
不处理,643,200.0,-200.0
不处理,644,200.0,-200.0
不处理,645,200.0,-200.0
不处理,646,200.0,-200.0
不处理,647,200.0,-200.0
不处理,648,200.0,-200.0
不处理,649,200.0,-200.0
不处理,650,200.0,-200.0
不处理,651,200.0,-200.0
不处理,652,200.0,-200.0
不处理,653,200.0,-200.0
不处理,654,200.0,-200.0
不处理,655,200.0,-200.0
不处理,656,200.0,-200.0
不处理,657,200.0,-200.0
不处理,658,200.0,-200.0
不处理,659,200.0,-200.0
不处理,660,200.0,-200.0
不处理,661,200.0,-200.0
不处理,662,200.0,-200.0
不处理,663,200.0,-200.0
不处理,664,200.0,-200.0
不处理,665,200.0,-200.0
不处理,666,200.0,-200.0
不处理,667,200.0,-200.0
不处理,668,200.0,-200.0
不处理,669,200.0,-200.0
不处理,670,200.0,-200.0
不处理,671,200.0,-200.0
不处理,672,200.0,-200.0
不处理,673,200.0,-200.0
不处理,674,200.0,-200.0
不处理,675,200.0,-200.0
不处理,676,200.0,-200.0
不处理,677,200.0,-200.0
不处理,678,200.0,-200.0
不处理,679,200.0,-200.0
不处理,680,200.0,-200.0
不处理,681,200.0,-200.0
不处理,682,200.0,-200.0
不处理,683,200.0,-200.0
不处理,684,200.0,-200.0
不处理,685,200.0,-200.0
不处理,686,200.0,-200.0
不处理,687,200.0,-200.0
不处理,688,200.0,-200.0
不处理,689,200.0,-200.0
不处理,690,200.0,-200.0
不处理,691,200.0,-200.0
不处理,692,200.0,-200.0
不处理,693,200.0,-200.0
不处理,694,200.0,-200.0
不处理,695,200.0,-200.0
不处理,696,200.0,-200.0
不处理,697,200.0,-200.0
不处理,698,200.0,-200.0
不处理,699,200.0,-200.0
不处理,700,200.0,-200.0
不处理,701,200.0,-200.0
不处理,702,200.0,-200.0
不处理,703,200.0,-200.0
不处理,704,200.0,-200.0
不处理,705,200.0,-200.0
不处理,706,200.0,-200.0
不处理,707,200.0,-200.0
不处理,708,200.0,-200.0
不处理,709,200.0,-200.0
不处理,710,200.0,-200.0
不处理,711,200.0,-200.0
不处理,712,200.0,-200.0
不处理,713,200.0,-200.0
不处理,714,200.0,-200.0
不处理,715,200.0,-200.0
不处理,716,200.0,-200.0
不处理,717,200.0,-200.0
不处理,718,200.0,-200.0
不处理,719,200.0,-200.0
不处理,720,200.0,-200.0
不处理,721,200.0,-200.0
不处理,722,200.0,-200.0
不处理,723,200.0,-200.0
不处理,724,200.0,-200.0
不处理,725,200.0,-200.0
不处理,726,200.0,-200.0
不处理,727,200.0,-200.0
不处理,728,200.0,-200.0
不处理,729,200.0,-200.0
不处理,730,200.0,-200.0
不处理,731,200.0,-200.0
不处理,732,200.0,-200.0
不处理,733,200.0,-200.0
不处理,734,200.0,-200.0
不处理,735,200.0,-200.0
不处理,736,200.0,-200.0
不处理,737,200.0,-200.0
不处理,738,200.0,-200.0
不处理,739,200.0,-200.0
不处理,740,200.0,-200.0
不处理,741,200.0,-200.0
不处理,742,200.0,-200.0
不处理,743,200.0,-200.0
不处理,744,200.0,-200.0
不处理,745,200.0,-200.0
不处理,746,200.0,-200.0
不处理,747,200.0,-200.0
不处理,748,200.0,-200.0
不处理,749,200.0,-200.0
不处理,750,200.0,-200.0
不处理,751,200.0,-200.0
不处理,752,200.0,-200.0
不处理,753,200.0,-200.0
不处理,754,200.0,-200.0
不处理,755,200.0,-200.0
不处理,756,200.0,-200.0
不处理,757,200.0,-200.0
不处理,758,200.0,-200.0
不处理,759,200.0,-200.0
不处理,760,200.0,-200.0
不处理,761,200.0,-200.0
不处理,762,200.0,-200.0
不处理,763,200.0,-200.0
不处理,764,200.0,-200.0
不处理,765,200.0,-200.0
不处理,766,200.0,-200.0
不处理,767,200.0,-200.0
不处理,768,200.0,-200.0
不处理,769,200.0,-200.0
不处理,770,200.0,-200.0
不处理,771,200.0,-200.0
不处理,772,200.0,-200.0
不处理,773,200.0,-200.0
不处理,774,200.0,-200.0
不处理,775,200.0,-200.0
不处理,776,200.0,-200.0
不处理,777,200.0,-200.0
不处理,778,200.0,-200.0
不处理,779,200.0,-200.0
不处理,780,200.0,-200.0
不处理,781,200.0,-200.0
不处理,782,200.0,-200.0
不处理,783,200.0,-200.0
不处理,784,200.0,-200.0
不处理,785,200.0,-200.0
不处理,786,200.0,-200.0
不处理,787,200.0,-200.0
不处理,788,200.0,-200.0
不处理,789,200.0,-200.0
不处理,790,200.0,-200.0
不处理,791,200.0,-200.0
不处理,792,200.0,-200.0
不处理,793,200.0,-200.0
不处理,794,200.0,-200.0
不处理,795,200.0,-200.0
不处理,796,200.0,-200.0
不处理,797,200.0,-200.0
不处理,798,200.0,-200.0
不处理,799,200.0,-200.0
不处理,800,200.0,-200.0
不处理,801,200.0,-200.0
不处理,802,200.0,-200.0
不处理,803,200.0,-200.0
不处理,804,200.0,-200.0
不处理,805,200.0,-200.0
不处理,806,200.0,-200.0
不处理,807,200.0,-200.0
不处理,808,200.0,-200.0
不处理,809,200.0,-200.0
不处理,810,200.0,-200.0
不处理,811,200.0,-200.0
不处理,812,200.0,-200.0
不处理,813,200.0,-200.0
不处理,814,200.0,-200.0
不处理,815,200.0,-200.0
不处理,816,200.0,-200.0
不处理,817,200.0,-200.0
不处理,818,200.0,-200.0
不处理,819,200.0,-200.0
不处理,820,200.0,-200.0
不处理,821,200.0,-200.0
不处理,822,200.0,-200.0
不处理,823,200.0,-200.0
不处理,824,200.0,-200.0
不处理,825,200.0,-200.0
不处理,826,200.0,-200.0
不处理,827,200.0,-200.0
不处理,828,200.0,-200.0
不处理,829,200.0,-200.0
不处理,830,200.0,-200.0
不处理,831,200.0,-200.0
不处理,832,200.0,-200.0
不处理,833,200.0,-200.0
不处理,834,200.0,-200.0
不处理,835,200.0,-200.0
不处理,836,200.0,-200.0
不处理,837,200.0,-200.0
不处理,838,200.0,-200.0
不处理,839,200.0,-200.0
不处理,840,200.0,-200.0
不处理,841,200.0,-200.0
不处理,842,200.0,-200.0
不处理,843,200.0,-200.0
不处理,844,200.0,-200.0
不处理,845,200.0,-200.0
不处理,846,200.0,-200.0
不处理,847,200.0,-200.0
不处理,848,200.0,-200.0
不处理,849,200.0,-200.0
不处理,850,200.0,-200.0
不处理,851,200.0,-200.0
不处理,852,200.0,-200.0
不处理,853,200.0,-200.0
不处理,854,200.0,-200.0
不处理,855,200.0,-200.0
不处理,856,200.0,-200.0
不处理,857,200.0,-200.0
不处理,858,200.0,-200.0
不处理,859,200.0,-200.0
不处理,860,200.0,-200.0
不处理,861,200.0,-200.0
不处理,862,200.0,-200.0
不处理,863,200.0,-200.0
不处理,864,200.0,-200.0
不处理,865,200.0,-200.0
不处理,866,200.0,-200.0
不处理,867,200.0,-200.0
不处理,868,200.0,-200.0
不处理,869,200.0,-200.0
不处理,870,200.0,-200.0
不处理,871,200.0,-200.0
不处理,872,200.0,-200.0
不处理,873,200.0,-200.0
不处理,874,183.0,-183.0
不处理,875,200.0,-200.0
不处理,876,179.0,-179.0
不处理,877,200.0,-200.0
不处理,878,200.0,-200.0
不处理,879,200.0,-200.0
不处理,880,200.0,-200.0
不处理,881,200.0,-200.0
不处理,882,200.0,-200.0
不处理,883,200.0,-200.0
不处理,884,200.0,-200.0
不处理,885,200.0,-200.0
不处理,886,200.0,-200.0
不处理,887,200.0,-200.0
不处理,888,200.0,-200.0
不处理,889,200.0,-200.0
不处理,890,200.0,-200.0
不处理,891,200.0,-200.0
不处理,892,200.0,-200.0
不处理,893,200.0,-200.0
不处理,894,200.0,-200.0
不处理,895,200.0,-200.0
不处理,896,200.0,-200.0
不处理,897,200.0,-200.0
不处理,898,200.0,-200.0
不处理,899,200.0,-200.0
不处理,900,200.0,-200.0
不处理,901,200.0,-200.0
不处理,902,200.0,-200.0
不处理,903,200.0,-200.0
不处理,904,200.0,-200.0
不处理,905,200.0,-200.0
不处理,906,200.0,-200.0
不处理,907,200.0,-200.0
不处理,908,200.0,-200.0
不处理,909,200.0,-200.0
不处理,910,200.0,-200.0
不处理,911,200.0,-200.0
不处理,912,200.0,-200.0
不处理,913,200.0,-200.0
不处理,914,200.0,-200.0
不处理,915,200.0,-200.0
不处理,916,200.0,-200.0
不处理,917,200.0,-200.0
不处理,918,200.0,-200.0
不处理,919,200.0,-200.0
不处理,920,200.0,-200.0
不处理,921,200.0,-200.0
不处理,922,200.0,-200.0
不处理,923,200.0,-200.0
不处理,924,200.0,-200.0
不处理,925,200.0,-200.0
不处理,926,200.0,-200.0
不处理,927,200.0,-200.0
不处理,928,200.0,-200.0
不处理,929,200.0,-200.0
不处理,930,200.0,-200.0
不处理,931,200.0,-200.0
不处理,932,200.0,-200.0
不处理,933,200.0,-200.0
不处理,934,200.0,-200.0
不处理,935,200.0,-200.0
不处理,936,200.0,-200.0
不处理,937,200.0,-200.0
不处理,938,200.0,-200.0
不处理,939,200.0,-200.0
不处理,940,200.0,-200.0
不处理,941,200.0,-200.0
不处理,942,200.0,-200.0
不处理,943,200.0,-200.0
不处理,944,200.0,-200.0
不处理,945,200.0,-200.0
不处理,946,200.0,-200.0
不处理,947,200.0,-200.0
不处理,948,200.0,-200.0
不处理,949,200.0,-200.0
不处理,950,200.0,-200.0
不处理,951,200.0,-200.0
不处理,952,200.0,-200.0
不处理,953,200.0,-200.0
不处理,954,200.0,-200.0
不处理,955,200.0,-200.0
不处理,956,200.0,-200.0
不处理,957,200.0,-200.0
不处理,958,200.0,-200.0
不处理,959,200.0,-200.0
不处理,960,200.0,-200.0
不处理,961,200.0,-200.0
不处理,962,200.0,-200.0
不处理,963,200.0,-200.0
不处理,964,200.0,-200.0
不处理,965,200.0,-200.0
不处理,966,200.0,-200.0
不处理,967,200.0,-200.0
不处理,968,200.0,-200.0
不处理,969,200.0,-200.0
不处理,970,200.0,-200.0
不处理,971,200.0,-200.0
不处理,972,200.0,-200.0
不处理,973,200.0,-200.0
不处理,974,200.0,-200.0
不处理,975,200.0,-200.0
不处理,976,200.0,-200.0
不处理,977,200.0,-200.0
不处理,978,200.0,-200.0
不处理,979,200.0,-200.0
不处理,980,200.0,-200.0
不处理,981,200.0,-200.0
不处理,982,200.0,-200.0
不处理,983,200.0,-200.0
不处理,984,200.0,-200.0
不处理,985,200.0,-200.0
不处理,986,200.0,-200.0
不处理,987,200.0,-200.0
不处理,988,200.0,-200.0
不处理,989,200.0,-200.0
不处理,990,200.0,-200.0
不处理,991,200.0,-200.0
不处理,992,180.0,-180.0
不处理,993,200.0,-200.0
不处理,994,200.0,-200.0
不处理,995,200.0,-200.0
不处理,996,178.0,-178.0
不处理,997,200.0,-200.0
不处理,998,200.0,-200.0
不处理,999,200.0,-200.0
标准化,0,200.0,-200.0
标准化,1,200.0,-200.0
标准化,2,200.0,-200.0
标准化,3,200.0,-200.0
标准化,4,200.0,-200.0
标准化,5,200.0,-200.0
标准化,6,200.0,-200.0
标准化,7,200.0,-200.0
标准化,8,200.0,-200.0
标准化,9,200.0,-200.0
标准化,10,200.0,-200.0
标准化,11,200.0,-200.0
标准化,12,200.0,-200.0
标准化,13,200.0,-200.0
标准化,14,200.0,-200.0
标准化,15,200.0,-200.0
标准化,16,200.0,-200.0
标准化,17,200.0,-200.0
标准化,18,200.0,-200.0
标准化,19,200.0,-200.0
标准化,20,200.0,-200.0
标准化,21,200.0,-200.0
标准化,22,200.0,-200.0
标准化,23,200.0,-200.0
标准化,24,200.0,-200.0
标准化,25,200.0,-200.0
标准化,26,200.0,-200.0
标准化,27,200.0,-200.0
标准化,28,200.0,-200.0
标准化,29,200.0,-200.0
标准化,30,200.0,-200.0
标准化,31,200.0,-200.0
标准化,32,200.0,-200.0
标准化,33,200.0,-200.0
标准化,34,200.0,-200.0
标准化,35,200.0,-200.0
标准化,36,200.0,-200.0
标准化,37,200.0,-200.0
标准化,38,200.0,-200.0
标准化,39,200.0,-200.0
标准化,40,200.0,-200.0
标准化,41,200.0,-200.0
标准化,42,200.0,-200.0
标准化,43,200.0,-200.0
标准化,44,200.0,-200.0
标准化,45,200.0,-200.0
标准化,46,200.0,-200.0
标准化,47,200.0,-200.0
标准化,48,200.0,-200.0
标准化,49,200.0,-200.0
标准化,50,200.0,-200.0
标准化,51,200.0,-200.0
标准化,52,200.0,-200.0
标准化,53,200.0,-200.0
标准化,54,200.0,-200.0
标准化,55,200.0,-200.0
标准化,56,200.0,-200.0
标准化,57,200.0,-200.0
标准化,58,200.0,-200.0
标准化,59,200.0,-200.0
标准化,60,200.0,-200.0
标准化,61,200.0,-200.0
标准化,62,200.0,-200.0
标准化,63,200.0,-200.0
标准化,64,200.0,-200.0
标准化,65,200.0,-200.0
标准化,66,200.0,-200.0
标准化,67,200.0,-200.0
标准化,68,200.0,-200.0
标准化,69,200.0,-200.0
标准化,70,200.0,-200.0
标准化,71,200.0,-200.0
标准化,72,200.0,-200.0
标准化,73,200.0,-200.0
标准化,74,200.0,-200.0
标准化,75,200.0,-200.0
标准化,76,200.0,-200.0
标准化,77,200.0,-200.0
标准化,78,200.0,-200.0
标准化,79,200.0,-200.0
标准化,80,200.0,-200.0
标准化,81,200.0,-200.0
标准化,82,200.0,-200.0
标准化,83,200.0,-200.0
标准化,84,200.0,-200.0
标准化,85,200.0,-200.0
标准化,86,200.0,-200.0
标准化,87,200.0,-200.0
标准化,88,200.0,-200.0
标准化,89,200.0,-200.0
标准化,90,200.0,-200.0
标准化,91,200.0,-200.0
标准化,92,200.0,-200.0
标准化,93,200.0,-200.0
标准化,94,200.0,-200.0
标准化,95,200.0,-200.0
标准化,96,200.0,-200.0
标准化,97,200.0,-200.0
标准化,98,200.0,-200.0
标准化,99,200.0,-200.0
标准化,100,200.0,-200.0
标准化,101,200.0,-200.0
标准化,102,200.0,-200.0
标准化,103,200.0,-200.0
标准化,104,200.0,-200.0
标准化,105,200.0,-200.0
标准化,106,200.0,-200.0
标准化,107,200.0,-200.0
标准化,108,200.0,-200.0
标准化,109,200.0,-200.0
标准化,110,200.0,-200.0
标准化,111,200.0,-200.0
标准化,112,200.0,-200.0
标准化,113,200.0,-200.0
标准化,114,200.0,-200.0
标准化,115,200.0,-200.0
标准化,116,200.0,-200.0
标准化,117,200.0,-200.0
标准化,118,200.0,-200.0
标准化,119,200.0,-200.0
标准化,120,200.0,-200.0
标准化,121,200.0,-200.0
标准化,122,200.0,-200.0
标准化,123,200.0,-200.0
标准化,124,200.0,-200.0
标准化,125,200.0,-200.0
标准化,126,200.0,-200.0
标准化,127,200.0,-200.0
标准化,128,200.0,-200.0
标准化,129,200.0,-200.0
标准化,130,200.0,-200.0
标准化,131,200.0,-200.0
标准化,132,200.0,-200.0
标准化,133,200.0,-200.0
标准化,134,200.0,-200.0
标准化,135,200.0,-200.0
标准化,136,200.0,-200.0
标准化,137,200.0,-200.0
标准化,138,200.0,-200.0
标准化,139,200.0,-200.0
标准化,140,200.0,-200.0
标准化,141,200.0,-200.0
标准化,142,200.0,-200.0
标准化,143,200.0,-200.0
标准化,144,200.0,-200.0
标准化,145,200.0,-200.0
标准化,146,200.0,-200.0
标准化,147,200.0,-200.0
标准化,148,200.0,-200.0
标准化,149,200.0,-200.0
标准化,150,200.0,-200.0
标准化,151,200.0,-200.0
标准化,152,200.0,-200.0
标准化,153,200.0,-200.0
标准化,154,200.0,-200.0
标准化,155,200.0,-200.0
标准化,156,200.0,-200.0
标准化,157,200.0,-200.0
标准化,158,200.0,-200.0
标准化,159,200.0,-200.0
标准化,160,200.0,-200.0
标准化,161,200.0,-200.0
标准化,162,200.0,-200.0
标准化,163,200.0,-200.0
标准化,164,200.0,-200.0
标准化,165,200.0,-200.0
标准化,166,200.0,-200.0
标准化,167,200.0,-200.0
标准化,168,200.0,-200.0
标准化,169,200.0,-200.0
标准化,170,200.0,-200.0
标准化,171,200.0,-200.0
标准化,172,200.0,-200.0
标准化,173,200.0,-200.0
标准化,174,200.0,-200.0
标准化,175,200.0,-200.0
标准化,176,200.0,-200.0
标准化,177,200.0,-200.0
标准化,178,200.0,-200.0
标准化,179,200.0,-200.0
标准化,180,200.0,-200.0
标准化,181,200.0,-200.0
标准化,182,200.0,-200.0
标准化,183,200.0,-200.0
标准化,184,200.0,-200.0
标准化,185,200.0,-200.0
标准化,186,200.0,-200.0
标准化,187,200.0,-200.0
标准化,188,200.0,-200.0
标准化,189,200.0,-200.0
标准化,190,200.0,-200.0
标准化,191,200.0,-200.0
标准化,192,200.0,-200.0
标准化,193,200.0,-200.0
标准化,194,200.0,-200.0
标准化,195,200.0,-200.0
标准化,196,200.0,-200.0
标准化,197,200.0,-200.0
标准化,198,200.0,-200.0
标准化,199,200.0,-200.0
标准化,200,200.0,-200.0
标准化,201,200.0,-200.0
标准化,202,200.0,-200.0
标准化,203,200.0,-200.0
标准化,204,200.0,-200.0
标准化,205,200.0,-200.0
标准化,206,200.0,-200.0
标准化,207,200.0,-200.0
标准化,208,200.0,-200.0
标准化,209,200.0,-200.0
标准化,210,200.0,-200.0
标准化,211,200.0,-200.0
标准化,212,200.0,-200.0
标准化,213,200.0,-200.0
标准化,214,200.0,-200.0
标准化,215,200.0,-200.0
标准化,216,200.0,-200.0
标准化,217,200.0,-200.0
标准化,218,200.0,-200.0
标准化,219,200.0,-200.0
标准化,220,200.0,-200.0
标准化,221,200.0,-200.0
标准化,222,200.0,-200.0
标准化,223,200.0,-200.0
标准化,224,200.0,-200.0
标准化,225,200.0,-200.0
标准化,226,200.0,-200.0
标准化,227,200.0,-200.0
标准化,228,200.0,-200.0
标准化,229,200.0,-200.0
标准化,230,200.0,-200.0
标准化,231,200.0,-200.0
标准化,232,200.0,-200.0
标准化,233,200.0,-200.0
标准化,234,200.0,-200.0
标准化,235,200.0,-200.0
标准化,236,200.0,-200.0
标准化,237,200.0,-200.0
标准化,238,200.0,-200.0
标准化,239,200.0,-200.0
标准化,240,200.0,-200.0
标准化,241,200.0,-200.0
标准化,242,200.0,-200.0
标准化,243,200.0,-200.0
标准化,244,200.0,-200.0
标准化,245,200.0,-200.0
标准化,246,200.0,-200.0
标准化,247,200.0,-200.0
标准化,248,200.0,-200.0
标准化,249,200.0,-200.0
标准化,250,200.0,-200.0
标准化,251,200.0,-200.0
标准化,252,200.0,-200.0
标准化,253,200.0,-200.0
标准化,254,200.0,-200.0
标准化,255,200.0,-200.0
标准化,256,200.0,-200.0
标准化,257,200.0,-200.0
标准化,258,200.0,-200.0
标准化,259,200.0,-200.0
标准化,260,200.0,-200.0
标准化,261,200.0,-200.0
标准化,262,200.0,-200.0
标准化,263,200.0,-200.0
标准化,264,200.0,-200.0
标准化,265,200.0,-200.0
标准化,266,200.0,-200.0
标准化,267,200.0,-200.0
标准化,268,200.0,-200.0
标准化,269,200.0,-200.0
标准化,270,200.0,-200.0
标准化,271,200.0,-200.0
标准化,272,200.0,-200.0
标准化,273,200.0,-200.0
标准化,274,200.0,-200.0
标准化,275,200.0,-200.0
标准化,276,200.0,-200.0
标准化,277,200.0,-200.0
标准化,278,200.0,-200.0
标准化,279,200.0,-200.0
标准化,280,200.0,-200.0
标准化,281,200.0,-200.0
标准化,282,200.0,-200.0
标准化,283,200.0,-200.0
标准化,284,200.0,-200.0
标准化,285,200.0,-200.0
标准化,286,200.0,-200.0
标准化,287,200.0,-200.0
标准化,288,184.0,-184.0
标准化,289,200.0,-200.0
标准化,290,200.0,-200.0
标准化,291,200.0,-200.0
标准化,292,200.0,-200.0
标准化,293,123.0,-123.0
标准化,294,130.0,-130.0
标准化,295,200.0,-200.0
标准化,296,152.0,-152.0
标准化,297,198.0,-198.0
标准化,298,200.0,-200.0
标准化,299,119.0,-119.0
标准化,300,140.0,-140.0
标准化,301,194.0,-194.0
标准化,302,198.0,-198.0
标准化,303,200.0,-200.0
标准化,304,200.0,-200.0
标准化,305,200.0,-200.0
标准化,306,200.0,-200.0
标准化,307,200.0,-200.0
标准化,308,200.0,-200.0
标准化,309,122.0,-122.0
标准化,310,127.0,-127.0
标准化,311,200.0,-200.0
标准化,312,200.0,-200.0
标准化,313,124.0,-124.0
标准化,314,139.0,-139.0
标准化,315,125.0,-125.0
标准化,316,130.0,-130.0
标准化,317,200.0,-200.0
标准化,318,200.0,-200.0
标准化,319,124.0,-124.0
标准化,320,200.0,-200.0
标准化,321,200.0,-200.0
标准化,322,195.0,-195.0
标准化,323,200.0,-200.0
标准化,324,191.0,-191.0
标准化,325,200.0,-200.0
标准化,326,123.0,-123.0
标准化,327,199.0,-199.0
标准化,328,200.0,-200.0
标准化,329,118.0,-118.0
标准化,330,127.0,-127.0
标准化,331,200.0,-200.0
标准化,332,200.0,-200.0
标准化,333,194.0,-194.0
标准化,334,200.0,-200.0
标准化,335,186.0,-186.0
标准化,336,200.0,-200.0
标准化,337,200.0,-200.0
标准化,338,200.0,-200.0
标准化,339,200.0,-200.0
标准化,340,130.0,-130.0
标准化,341,196.0,-196.0
标准化,342,200.0,-200.0
标准化,343,189.0,-189.0
标准化,344,200.0,-200.0
标准化,345,200.0,-200.0
标准化,346,200.0,-200.0
标准化,347,198.0,-198.0
标准化,348,200.0,-200.0
标准化,349,200.0,-200.0
标准化,350,200.0,-200.0
标准化,351,180.0,-180.0
标准化,352,200.0,-200.0
标准化,353,200.0,-200.0
标准化,354,200.0,-200.0
标准化,355,125.0,-125.0
标准化,356,128.0,-128.0
标准化,357,200.0,-200.0
标准化,358,190.0,-190.0
标准化,359,200.0,-200.0
标准化,360,200.0,-200.0
标准化,361,200.0,-200.0
标准化,362,200.0,-200.0
标准化,363,122.0,-122.0
标准化,364,200.0,-200.0
标准化,365,121.0,-121.0
标准化,366,126.0,-126.0
标准化,367,125.0,-125.0
标准化,368,200.0,-200.0
标准化,369,190.0,-190.0
标准化,370,199.0,-199.0
标准化,371,200.0,-200.0
标准化,372,129.0,-129.0
标准化,373,195.0,-195.0
标准化,374,200.0,-200.0
标准化,375,116.0,-116.0
标准化,376,200.0,-200.0
标准化,377,200.0,-200.0
标准化,378,182.0,-182.0
标准化,379,200.0,-200.0
标准化,380,200.0,-200.0
标准化,381,200.0,-200.0
标准化,382,125.0,-125.0
标准化,383,193.0,-193.0
标准化,384,200.0,-200.0
标准化,385,180.0,-180.0
标准化,386,200.0,-200.0
标准化,387,188.0,-188.0
标准化,388,200.0,-200.0
标准化,389,200.0,-200.0
标准化,390,198.0,-198.0
标准化,391,200.0,-200.0
标准化,392,188.0,-188.0
标准化,393,200.0,-200.0
标准化,394,200.0,-200.0
标准化,395,191.0,-191.0
标准化,396,198.0,-198.0
标准化,397,200.0,-200.0
标准化,398,189.0,-189.0
标准化,399,195.0,-195.0
标准化,400,200.0,-200.0
标准化,401,200.0,-200.0
标准化,402,200.0,-200.0
标准化,403,200.0,-200.0
标准化,404,200.0,-200.0
标准化,405,200.0,-200.0
标准化,406,189.0,-189.0
标准化,407,200.0,-200.0
标准化,408,190.0,-190.0
标准化,409,200.0,-200.0
标准化,410,200.0,-200.0
标准化,411,200.0,-200.0
标准化,412,199.0,-199.0
标准化,413,200.0,-200.0
标准化,414,200.0,-200.0
标准化,415,200.0,-200.0
标准化,416,200.0,-200.0
标准化,417,189.0,-189.0
标准化,418,189.0,-189.0
标准化,419,193.0,-193.0
标准化,420,200.0,-200.0
标准化,421,188.0,-188.0
标准化,422,200.0,-200.0
标准化,423,188.0,-188.0
标准化,424,194.0,-194.0
标准化,425,200.0,-200.0
标准化,426,187.0,-187.0
标准化,427,200.0,-200.0
标准化,428,190.0,-190.0
标准化,429,200.0,-200.0
标准化,430,198.0,-198.0
标准化,431,200.0,-200.0
标准化,432,186.0,-186.0
标准化,433,200.0,-200.0
标准化,434,188.0,-188.0
标准化,435,200.0,-200.0
标准化,436,190.0,-190.0
标准化,437,192.0,-192.0
标准化,438,200.0,-200.0
标准化,439,192.0,-192.0
标准化,440,200.0,-200.0
标准化,441,188.0,-188.0
标准化,442,200.0,-200.0
标准化,443,185.0,-185.0
标准化,444,191.0,-191.0
标准化,445,200.0,-200.0
标准化,446,188.0,-188.0
标准化,447,200.0,-200.0
标准化,448,195.0,-195.0
标准化,449,190.0,-190.0
标准化,450,194.0,-194.0
标准化,451,200.0,-200.0
标准化,452,187.0,-187.0
标准化,453,191.0,-191.0
标准化,454,194.0,-194.0
标准化,455,200.0,-200.0
标准化,456,191.0,-191.0
标准化,457,194.0,-194.0
标准化,458,192.0,-192.0
标准化,459,200.0,-200.0
标准化,460,189.0,-189.0
标准化,461,200.0,-200.0
标准化,462,192.0,-192.0
标准化,463,186.0,-186.0
标准化,464,189.0,-189.0
标准化,465,192.0,-192.0
标准化,466,200.0,-200.0
标准化,467,200.0,-200.0
标准化,468,180.0,-180.0
标准化,469,200.0,-200.0
标准化,470,200.0,-200.0
标准化,471,187.0,-187.0
标准化,472,200.0,-200.0
标准化,473,200.0,-200.0
标准化,474,200.0,-200.0
标准化,475,200.0,-200.0
标准化,476,200.0,-200.0
标准化,477,200.0,-200.0
标准化,478,200.0,-200.0
标准化,479,188.0,-188.0
标准化,480,189.0,-189.0
标准化,481,200.0,-200.0
标准化,482,200.0,-200.0
标准化,483,183.0,-183.0
标准化,484,188.0,-188.0
标准化,485,193.0,-193.0
标准化,486,200.0,-200.0
标准化,487,200.0,-200.0
标准化,488,190.0,-190.0
标准化,489,200.0,-200.0
标准化,490,186.0,-186.0
标准化,491,200.0,-200.0
标准化,492,200.0,-200.0
标准化,493,200.0,-200.0
标准化,494,200.0,-200.0
标准化,495,183.0,-183.0
标准化,496,185.0,-185.0
标准化,497,200.0,-200.0
标准化,498,184.0,-184.0
标准化,499,200.0,-200.0
标准化,500,200.0,-200.0
标准化,501,200.0,-200.0
标准化,502,186.0,-186.0
标准化,503,200.0,-200.0
标准化,504,185.0,-185.0
标准化,505,200.0,-200.0
标准化,506,200.0,-200.0
标准化,507,200.0,-200.0
标准化,508,200.0,-200.0
标准化,509,200.0,-200.0
标准化,510,200.0,-200.0
标准化,511,200.0,-200.0
标准化,512,200.0,-200.0
标准化,513,200.0,-200.0
标准化,514,200.0,-200.0
标准化,515,200.0,-200.0
标准化,516,200.0,-200.0
标准化,517,200.0,-200.0
标准化,518,200.0,-200.0
标准化,519,200.0,-200.0
标准化,520,200.0,-200.0
标准化,521,200.0,-200.0
标准化,522,200.0,-200.0
标准化,523,200.0,-200.0
标准化,524,200.0,-200.0
标准化,525,200.0,-200.0
标准化,526,200.0,-200.0
标准化,527,200.0,-200.0
标准化,528,200.0,-200.0
标准化,529,200.0,-200.0
标准化,530,200.0,-200.0
标准化,531,200.0,-200.0
标准化,532,200.0,-200.0
标准化,533,200.0,-200.0
标准化,534,200.0,-200.0
标准化,535,200.0,-200.0
标准化,536,200.0,-200.0
标准化,537,200.0,-200.0
标准化,538,200.0,-200.0
标准化,539,200.0,-200.0
标准化,540,200.0,-200.0
标准化,541,200.0,-200.0
标准化,542,200.0,-200.0
标准化,543,200.0,-200.0
标准化,544,200.0,-200.0
标准化,545,200.0,-200.0
标准化,546,200.0,-200.0
标准化,547,200.0,-200.0
标准化,548,200.0,-200.0
标准化,549,200.0,-200.0
标准化,550,200.0,-200.0
标准化,551,200.0,-200.0
标准化,552,200.0,-200.0
标准化,553,200.0,-200.0
标准化,554,200.0,-200.0
标准化,555,200.0,-200.0
标准化,556,200.0,-200.0
标准化,557,200.0,-200.0
标准化,558,200.0,-200.0
标准化,559,200.0,-200.0
标准化,560,200.0,-200.0
标准化,561,200.0,-200.0
标准化,562,200.0,-200.0
标准化,563,200.0,-200.0
标准化,564,200.0,-200.0
标准化,565,200.0,-200.0
标准化,566,200.0,-200.0
标准化,567,200.0,-200.0
标准化,568,200.0,-200.0
标准化,569,200.0,-200.0
标准化,570,200.0,-200.0
标准化,571,200.0,-200.0
标准化,572,200.0,-200.0
标准化,573,200.0,-200.0
标准化,574,200.0,-200.0
标准化,575,200.0,-200.0
标准化,576,200.0,-200.0
标准化,577,200.0,-200.0
标准化,578,200.0,-200.0
标准化,579,200.0,-200.0
标准化,580,200.0,-200.0
标准化,581,200.0,-200.0
标准化,582,200.0,-200.0
标准化,583,200.0,-200.0
标准化,584,200.0,-200.0
标准化,585,200.0,-200.0
标准化,586,200.0,-200.0
标准化,587,200.0,-200.0
标准化,588,200.0,-200.0
标准化,589,200.0,-200.0
标准化,590,200.0,-200.0
标准化,591,200.0,-200.0
标准化,592,200.0,-200.0
标准化,593,200.0,-200.0
标准化,594,200.0,-200.0
标准化,595,200.0,-200.0
标准化,596,200.0,-200.0
标准化,597,200.0,-200.0
标准化,598,200.0,-200.0
标准化,599,200.0,-200.0
标准化,600,200.0,-200.0
标准化,601,200.0,-200.0
标准化,602,200.0,-200.0
标准化,603,200.0,-200.0
标准化,604,200.0,-200.0
标准化,605,200.0,-200.0
标准化,606,200.0,-200.0
标准化,607,200.0,-200.0
标准化,608,200.0,-200.0
标准化,609,200.0,-200.0
标准化,610,200.0,-200.0
标准化,611,200.0,-200.0
标准化,612,200.0,-200.0
标准化,613,200.0,-200.0
标准化,614,200.0,-200.0
标准化,615,200.0,-200.0
标准化,616,200.0,-200.0
标准化,617,200.0,-200.0
标准化,618,200.0,-200.0
标准化,619,200.0,-200.0
标准化,620,200.0,-200.0
标准化,621,200.0,-200.0
标准化,622,200.0,-200.0
标准化,623,200.0,-200.0
标准化,624,200.0,-200.0
标准化,625,200.0,-200.0
标准化,626,200.0,-200.0
标准化,627,200.0,-200.0
标准化,628,200.0,-200.0
标准化,629,200.0,-200.0
标准化,630,200.0,-200.0
标准化,631,200.0,-200.0
标准化,632,200.0,-200.0
标准化,633,200.0,-200.0
标准化,634,200.0,-200.0
标准化,635,200.0,-200.0
标准化,636,200.0,-200.0
标准化,637,200.0,-200.0
标准化,638,200.0,-200.0
标准化,639,200.0,-200.0
标准化,640,200.0,-200.0
标准化,641,200.0,-200.0
标准化,642,200.0,-200.0
标准化,643,200.0,-200.0
标准化,644,200.0,-200.0
标准化,645,200.0,-200.0
标准化,646,200.0,-200.0
标准化,647,200.0,-200.0
标准化,648,200.0,-200.0
标准化,649,200.0,-200.0
标准化,650,200.0,-200.0
标准化,651,200.0,-200.0
标准化,652,200.0,-200.0
标准化,653,200.0,-200.0
标准化,654,200.0,-200.0
标准化,655,200.0,-200.0
标准化,656,200.0,-200.0
标准化,657,200.0,-200.0
标准化,658,200.0,-200.0
标准化,659,200.0,-200.0
标准化,660,200.0,-200.0
标准化,661,200.0,-200.0
标准化,662,200.0,-200.0
标准化,663,200.0,-200.0
标准化,664,200.0,-200.0
标准化,665,200.0,-200.0
标准化,666,200.0,-200.0
标准化,667,200.0,-200.0
标准化,668,200.0,-200.0
标准化,669,200.0,-200.0
标准化,670,200.0,-200.0
标准化,671,200.0,-200.0
标准化,672,200.0,-200.0
标准化,673,200.0,-200.0
标准化,674,200.0,-200.0
标准化,675,200.0,-200.0
标准化,676,200.0,-200.0
标准化,677,200.0,-200.0
标准化,678,200.0,-200.0
标准化,679,200.0,-200.0
标准化,680,200.0,-200.0
标准化,681,200.0,-200.0
标准化,682,200.0,-200.0
标准化,683,200.0,-200.0
标准化,684,200.0,-200.0
标准化,685,200.0,-200.0
标准化,686,200.0,-200.0
标准化,687,200.0,-200.0
标准化,688,200.0,-200.0
标准化,689,200.0,-200.0
标准化,690,200.0,-200.0
标准化,691,200.0,-200.0
标准化,692,200.0,-200.0
标准化,693,200.0,-200.0
标准化,694,200.0,-200.0
标准化,695,200.0,-200.0
标准化,696,200.0,-200.0
标准化,697,200.0,-200.0
标准化,698,200.0,-200.0
标准化,699,200.0,-200.0
标准化,700,200.0,-200.0
标准化,701,200.0,-200.0
标准化,702,200.0,-200.0
标准化,703,200.0,-200.0
标准化,704,200.0,-200.0
标准化,705,200.0,-200.0
标准化,706,200.0,-200.0
标准化,707,200.0,-200.0
标准化,708,200.0,-200.0
标准化,709,200.0,-200.0
标准化,710,200.0,-200.0
标准化,711,200.0,-200.0
标准化,712,200.0,-200.0
标准化,713,200.0,-200.0
标准化,714,200.0,-200.0
标准化,715,200.0,-200.0
标准化,716,200.0,-200.0
标准化,717,200.0,-200.0
标准化,718,200.0,-200.0
标准化,719,200.0,-200.0
标准化,720,200.0,-200.0
标准化,721,200.0,-200.0
标准化,722,200.0,-200.0
标准化,723,200.0,-200.0
标准化,724,200.0,-200.0
标准化,725,200.0,-200.0
标准化,726,200.0,-200.0
标准化,727,200.0,-200.0
标准化,728,200.0,-200.0
标准化,729,200.0,-200.0
标准化,730,200.0,-200.0
标准化,731,200.0,-200.0
标准化,732,200.0,-200.0
标准化,733,200.0,-200.0
标准化,734,200.0,-200.0
标准化,735,200.0,-200.0
标准化,736,200.0,-200.0
标准化,737,200.0,-200.0
标准化,738,200.0,-200.0
标准化,739,200.0,-200.0
标准化,740,200.0,-200.0
标准化,741,200.0,-200.0
标准化,742,200.0,-200.0
标准化,743,200.0,-200.0
标准化,744,200.0,-200.0
标准化,745,200.0,-200.0
标准化,746,200.0,-200.0
标准化,747,200.0,-200.0
标准化,748,200.0,-200.0
标准化,749,200.0,-200.0
标准化,750,200.0,-200.0
标准化,751,200.0,-200.0
标准化,752,200.0,-200.0
标准化,753,200.0,-200.0
标准化,754,200.0,-200.0
标准化,755,200.0,-200.0
标准化,756,200.0,-200.0
标准化,757,200.0,-200.0
标准化,758,200.0,-200.0
标准化,759,200.0,-200.0
标准化,760,200.0,-200.0
标准化,761,200.0,-200.0
标准化,762,200.0,-200.0
标准化,763,200.0,-200.0
标准化,764,200.0,-200.0
标准化,765,200.0,-200.0
标准化,766,200.0,-200.0
标准化,767,200.0,-200.0
标准化,768,200.0,-200.0
标准化,769,200.0,-200.0
标准化,770,200.0,-200.0
标准化,771,200.0,-200.0
标准化,772,200.0,-200.0
标准化,773,200.0,-200.0
标准化,774,200.0,-200.0
标准化,775,200.0,-200.0
标准化,776,200.0,-200.0
标准化,777,200.0,-200.0
标准化,778,200.0,-200.0
标准化,779,200.0,-200.0
标准化,780,200.0,-200.0
标准化,781,200.0,-200.0
标准化,782,200.0,-200.0
标准化,783,200.0,-200.0
标准化,784,200.0,-200.0
标准化,785,200.0,-200.0
标准化,786,200.0,-200.0
标准化,787,200.0,-200.0
标准化,788,200.0,-200.0
标准化,789,200.0,-200.0
标准化,790,200.0,-200.0
标准化,791,200.0,-200.0
标准化,792,200.0,-200.0
标准化,793,200.0,-200.0
标准化,794,200.0,-200.0
标准化,795,200.0,-200.0
标准化,796,200.0,-200.0
标准化,797,200.0,-200.0
标准化,798,200.0,-200.0
标准化,799,200.0,-200.0
标准化,800,200.0,-200.0
标准化,801,200.0,-200.0
标准化,802,200.0,-200.0
标准化,803,200.0,-200.0
标准化,804,200.0,-200.0
标准化,805,200.0,-200.0
标准化,806,200.0,-200.0
标准化,807,200.0,-200.0
标准化,808,200.0,-200.0
标准化,809,200.0,-200.0
标准化,810,200.0,-200.0
标准化,811,200.0,-200.0
标准化,812,200.0,-200.0
标准化,813,200.0,-200.0
标准化,814,200.0,-200.0
标准化,815,200.0,-200.0
标准化,816,200.0,-200.0
标准化,817,200.0,-200.0
标准化,818,200.0,-200.0
标准化,819,200.0,-200.0
标准化,820,200.0,-200.0
标准化,821,200.0,-200.0
标准化,822,200.0,-200.0
标准化,823,200.0,-200.0
标准化,824,200.0,-200.0
标准化,825,200.0,-200.0
标准化,826,200.0,-200.0
标准化,827,200.0,-200.0
标准化,828,200.0,-200.0
标准化,829,200.0,-200.0
标准化,830,200.0,-200.0
标准化,831,200.0,-200.0
标准化,832,200.0,-200.0
标准化,833,200.0,-200.0
标准化,834,200.0,-200.0
标准化,835,200.0,-200.0
标准化,836,200.0,-200.0
标准化,837,200.0,-200.0
标准化,838,200.0,-200.0
标准化,839,200.0,-200.0
标准化,840,200.0,-200.0
标准化,841,200.0,-200.0
标准化,842,200.0,-200.0
标准化,843,200.0,-200.0
标准化,844,200.0,-200.0
标准化,845,200.0,-200.0
标准化,846,200.0,-200.0
标准化,847,200.0,-200.0
标准化,848,200.0,-200.0
标准化,849,200.0,-200.0
标准化,850,200.0,-200.0
标准化,851,200.0,-200.0
标准化,852,200.0,-200.0
标准化,853,200.0,-200.0
标准化,854,200.0,-200.0
标准化,855,200.0,-200.0
标准化,856,200.0,-200.0
标准化,857,200.0,-200.0
标准化,858,200.0,-200.0
标准化,859,200.0,-200.0
标准化,860,200.0,-200.0
标准化,861,200.0,-200.0
标准化,862,200.0,-200.0
标准化,863,200.0,-200.0
标准化,864,200.0,-200.0
标准化,865,200.0,-200.0
标准化,866,200.0,-200.0
标准化,867,200.0,-200.0
标准化,868,200.0,-200.0
标准化,869,200.0,-200.0
标准化,870,200.0,-200.0
标准化,871,200.0,-200.0
标准化,872,200.0,-200.0
标准化,873,200.0,-200.0
标准化,874,200.0,-200.0
标准化,875,200.0,-200.0
标准化,876,200.0,-200.0
标准化,877,200.0,-200.0
标准化,878,200.0,-200.0
标准化,879,200.0,-200.0
标准化,880,200.0,-200.0
标准化,881,200.0,-200.0
标准化,882,200.0,-200.0
标准化,883,200.0,-200.0
标准化,884,200.0,-200.0
标准化,885,200.0,-200.0
标准化,886,200.0,-200.0
标准化,887,200.0,-200.0
标准化,888,200.0,-200.0
标准化,889,200.0,-200.0
标准化,890,200.0,-200.0
标准化,891,200.0,-200.0
标准化,892,200.0,-200.0
标准化,893,200.0,-200.0
标准化,894,200.0,-200.0
标准化,895,200.0,-200.0
标准化,896,200.0,-200.0
标准化,897,200.0,-200.0
标准化,898,200.0,-200.0
标准化,899,200.0,-200.0
标准化,900,200.0,-200.0
标准化,901,200.0,-200.0
标准化,902,200.0,-200.0
标准化,903,200.0,-200.0
标准化,904,200.0,-200.0
标准化,905,200.0,-200.0
标准化,906,200.0,-200.0
标准化,907,200.0,-200.0
标准化,908,200.0,-200.0
标准化,909,200.0,-200.0
标准化,910,200.0,-200.0
标准化,911,200.0,-200.0
标准化,912,200.0,-200.0
标准化,913,200.0,-200.0
标准化,914,200.0,-200.0
标准化,915,200.0,-200.0
标准化,916,200.0,-200.0
标准化,917,200.0,-200.0
标准化,918,200.0,-200.0
标准化,919,200.0,-200.0
标准化,920,200.0,-200.0
标准化,921,200.0,-200.0
标准化,922,200.0,-200.0
标准化,923,200.0,-200.0
标准化,924,200.0,-200.0
标准化,925,200.0,-200.0
标准化,926,200.0,-200.0
标准化,927,200.0,-200.0
标准化,928,200.0,-200.0
标准化,929,200.0,-200.0
标准化,930,200.0,-200.0
标准化,931,200.0,-200.0
标准化,932,200.0,-200.0
标准化,933,200.0,-200.0
标准化,934,200.0,-200.0
标准化,935,200.0,-200.0
标准化,936,200.0,-200.0
标准化,937,200.0,-200.0
标准化,938,200.0,-200.0
标准化,939,200.0,-200.0
标准化,940,200.0,-200.0
标准化,941,200.0,-200.0
标准化,942,200.0,-200.0
标准化,943,200.0,-200.0
标准化,944,200.0,-200.0
标准化,945,200.0,-200.0
标准化,946,200.0,-200.0
标准化,947,200.0,-200.0
标准化,948,200.0,-200.0
标准化,949,200.0,-200.0
标准化,950,200.0,-200.0
标准化,951,200.0,-200.0
标准化,952,200.0,-200.0
标准化,953,200.0,-200.0
标准化,954,200.0,-200.0
标准化,955,200.0,-200.0
标准化,956,200.0,-200.0
标准化,957,200.0,-200.0
标准化,958,200.0,-200.0
标准化,959,200.0,-200.0
标准化,960,200.0,-200.0
标准化,961,200.0,-200.0
标准化,962,200.0,-200.0
标准化,963,200.0,-200.0
标准化,964,200.0,-200.0
标准化,965,200.0,-200.0
标准化,966,200.0,-200.0
标准化,967,200.0,-200.0
标准化,968,200.0,-200.0
标准化,969,200.0,-200.0
标准化,970,200.0,-200.0
标准化,971,200.0,-200.0
标准化,972,200.0,-200.0
标准化,973,200.0,-200.0
标准化,974,200.0,-200.0
标准化,975,200.0,-200.0
标准化,976,200.0,-200.0
标准化,977,200.0,-200.0
标准化,978,200.0,-200.0
标准化,979,200.0,-200.0
标准化,980,200.0,-200.0
标准化,981,200.0,-200.0
标准化,982,200.0,-200.0
标准化,983,200.0,-200.0
标准化,984,200.0,-200.0
标准化,985,200.0,-200.0
标准化,986,200.0,-200.0
标准化,987,200.0,-200.0
标准化,988,200.0,-200.0
标准化,989,200.0,-200.0
标准化,990,200.0,-200.0
标准化,991,200.0,-200.0
标准化,992,200.0,-200.0
标准化,993,200.0,-200.0
标准化,994,200.0,-200.0
标准化,995,200.0,-200.0
标准化,996,200.0,-200.0
标准化,997,200.0,-200.0
标准化,998,200.0,-200.0
标准化,999,200.0,-200.0
RBF径向基编码,0,200.0,-200.0
RBF径向基编码,1,200.0,-200.0
RBF径向基编码,2,200.0,-200.0
RBF径向基编码,3,200.0,-200.0
RBF径向基编码,4,200.0,-200.0
RBF径向基编码,5,200.0,-200.0
RBF径向基编码,6,200.0,-200.0
RBF径向基编码,7,200.0,-200.0
RBF径向基编码,8,200.0,-200.0
RBF径向基编码,9,200.0,-200.0
RBF径向基编码,10,200.0,-200.0
RBF径向基编码,11,200.0,-200.0
RBF径向基编码,12,200.0,-200.0
RBF径向基编码,13,200.0,-200.0
RBF径向基编码,14,200.0,-200.0
RBF径向基编码,15,200.0,-200.0
RBF径向基编码,16,200.0,-200.0
RBF径向基编码,17,200.0,-200.0
RBF径向基编码,18,200.0,-200.0
RBF径向基编码,19,200.0,-200.0
RBF径向基编码,20,200.0,-200.0
RBF径向基编码,21,200.0,-200.0
RBF径向基编码,22,200.0,-200.0
RBF径向基编码,23,200.0,-200.0
RBF径向基编码,24,200.0,-200.0
RBF径向基编码,25,200.0,-200.0
RBF径向基编码,26,200.0,-200.0
RBF径向基编码,27,200.0,-200.0
RBF径向基编码,28,200.0,-200.0
RBF径向基编码,29,200.0,-200.0
RBF径向基编码,30,200.0,-200.0
RBF径向基编码,31,200.0,-200.0
RBF径向基编码,32,200.0,-200.0
RBF径向基编码,33,200.0,-200.0
RBF径向基编码,34,200.0,-200.0
RBF径向基编码,35,200.0,-200.0
RBF径向基编码,36,200.0,-200.0
RBF径向基编码,37,200.0,-200.0
RBF径向基编码,38,200.0,-200.0
RBF径向基编码,39,200.0,-200.0
RBF径向基编码,40,200.0,-200.0
RBF径向基编码,41,200.0,-200.0
RBF径向基编码,42,200.0,-200.0
RBF径向基编码,43,200.0,-200.0
RBF径向基编码,44,200.0,-200.0
RBF径向基编码,45,200.0,-200.0
RBF径向基编码,46,200.0,-200.0
RBF径向基编码,47,200.0,-200.0
RBF径向基编码,48,200.0,-200.0
RBF径向基编码,49,200.0,-200.0
RBF径向基编码,50,200.0,-200.0
RBF径向基编码,51,200.0,-200.0
RBF径向基编码,52,200.0,-200.0
RBF径向基编码,53,200.0,-200.0
RBF径向基编码,54,200.0,-200.0
RBF径向基编码,55,200.0,-200.0
RBF径向基编码,56,200.0,-200.0
RBF径向基编码,57,200.0,-200.0
RBF径向基编码,58,200.0,-200.0
RBF径向基编码,59,200.0,-200.0
RBF径向基编码,60,200.0,-200.0
RBF径向基编码,61,200.0,-200.0
RBF径向基编码,62,200.0,-200.0
RBF径向基编码,63,200.0,-200.0
RBF径向基编码,64,200.0,-200.0
RBF径向基编码,65,200.0,-200.0
RBF径向基编码,66,200.0,-200.0
RBF径向基编码,67,200.0,-200.0
RBF径向基编码,68,200.0,-200.0
RBF径向基编码,69,200.0,-200.0
RBF径向基编码,70,200.0,-200.0
RBF径向基编码,71,200.0,-200.0
RBF径向基编码,72,200.0,-200.0
RBF径向基编码,73,200.0,-200.0
RBF径向基编码,74,200.0,-200.0
RBF径向基编码,75,200.0,-200.0
RBF径向基编码,76,200.0,-200.0
RBF径向基编码,77,200.0,-200.0
RBF径向基编码,78,200.0,-200.0
RBF径向基编码,79,200.0,-200.0
RBF径向基编码,80,200.0,-200.0
RBF径向基编码,81,200.0,-200.0
RBF径向基编码,82,200.0,-200.0
RBF径向基编码,83,200.0,-200.0
RBF径向基编码,84,200.0,-200.0
RBF径向基编码,85,200.0,-200.0
RBF径向基编码,86,200.0,-200.0
RBF径向基编码,87,200.0,-200.0
RBF径向基编码,88,200.0,-200.0
RBF径向基编码,89,200.0,-200.0
RBF径向基编码,90,200.0,-200.0
RBF径向基编码,91,200.0,-200.0
RBF径向基编码,92,165.0,-165.0
RBF径向基编码,93,200.0,-200.0
RBF径向基编码,94,200.0,-200.0
RBF径向基编码,95,173.0,-173.0
RBF径向基编码,96,200.0,-200.0
RBF径向基编码,97,200.0,-200.0
RBF径向基编码,98,200.0,-200.0
RBF径向基编码,99,164.0,-164.0
RBF径向基编码,100,200.0,-200.0
RBF径向基编码,101,200.0,-200.0
RBF径向基编码,102,199.0,-199.0
RBF径向基编码,103,200.0,-200.0
RBF径向基编码,104,200.0,-200.0
RBF径向基编码,105,200.0,-200.0
RBF径向基编码,106,200.0,-200.0
RBF径向基编码,107,172.0,-172.0
RBF径向基编码,108,165.0,-165.0
RBF径向基编码,109,161.0,-161.0
RBF径向基编码,110,200.0,-200.0
RBF径向基编码,111,200.0,-200.0
RBF径向基编码,112,159.0,-159.0
RBF径向基编码,113,200.0,-200.0
RBF径向基编码,114,174.0,-174.0
RBF径向基编码,115,165.0,-165.0
RBF径向基编码,116,168.0,-168.0
RBF径向基编码,117,200.0,-200.0
RBF径向基编码,118,156.0,-156.0
RBF径向基编码,119,198.0,-198.0
RBF径向基编码,120,197.0,-197.0
RBF径向基编码,121,161.0,-161.0
RBF径向基编码,122,177.0,-177.0
RBF径向基编码,123,162.0,-162.0
RBF径向基编码,124,200.0,-200.0
RBF径向基编码,125,200.0,-200.0
RBF径向基编码,126,195.0,-195.0
RBF径向基编码,127,200.0,-200.0
RBF径向基编码,128,200.0,-200.0
RBF径向基编码,129,200.0,-200.0
RBF径向基编码,130,200.0,-200.0
RBF径向基编码,131,200.0,-200.0
RBF径向基编码,132,200.0,-200.0
RBF径向基编码,133,161.0,-161.0
RBF径向基编码,134,152.0,-152.0
RBF径向基编码,135,200.0,-200.0
RBF径向基编码,136,157.0,-157.0
RBF径向基编码,137,164.0,-164.0
RBF径向基编码,138,167.0,-167.0
RBF径向基编码,139,163.0,-163.0
RBF径向基编码,140,155.0,-155.0
RBF径向基编码,141,196.0,-196.0
RBF径向基编码,142,190.0,-190.0
RBF径向基编码,143,200.0,-200.0
RBF径向基编码,144,196.0,-196.0
RBF径向基编码,145,149.0,-149.0
RBF径向基编码,146,200.0,-200.0
RBF径向基编码,147,153.0,-153.0
RBF径向基编码,148,164.0,-164.0
RBF径向基编码,149,170.0,-170.0
RBF径向基编码,150,200.0,-200.0
RBF径向基编码,151,158.0,-158.0
RBF径向基编码,152,160.0,-160.0
RBF径向基编码,153,154.0,-154.0
RBF径向基编码,154,197.0,-197.0
RBF径向基编码,155,196.0,-196.0
RBF径向基编码,156,200.0,-200.0
RBF径向基编码,157,151.0,-151.0
RBF径向基编码,158,159.0,-159.0
RBF径向基编码,159,152.0,-152.0
RBF径向基编码,160,196.0,-196.0
RBF径向基编码,161,200.0,-200.0
RBF径向基编码,162,151.0,-151.0
RBF径向基编码,163,154.0,-154.0
RBF径向基编码,164,193.0,-193.0
RBF径向基编码,165,200.0,-200.0
RBF径向基编码,166,200.0,-200.0
RBF径向基编码,167,161.0,-161.0
RBF径向基编码,168,188.0,-188.0
RBF径向基编码,169,197.0,-197.0
RBF径向基编码,170,191.0,-191.0
RBF径向基编码,171,200.0,-200.0
RBF径向基编码,172,191.0,-191.0
RBF径向基编码,173,173.0,-173.0
RBF径向基编码,174,156.0,-156.0
RBF径向基编码,175,152.0,-152.0
RBF径向基编码,176,200.0,-200.0
RBF径向基编码,177,153.0,-153.0
RBF径向基编码,178,166.0,-166.0
RBF径向基编码,179,152.0,-152.0
RBF径向基编码,180,152.0,-152.0
RBF径向基编码,181,179.0,-179.0
RBF径向基编码,182,180.0,-180.0
RBF径向基编码,183,184.0,-184.0
RBF径向基编码,184,191.0,-191.0
RBF径向基编码,185,171.0,-171.0
RBF径向基编码,186,153.0,-153.0
RBF径向基编码,187,197.0,-197.0
RBF径向基编码,188,200.0,-200.0
RBF径向基编码,189,146.0,-146.0
RBF径向基编码,190,198.0,-198.0
RBF径向基编码,191,170.0,-170.0
RBF径向基编码,192,149.0,-149.0
RBF径向基编码,193,151.0,-151.0
RBF径向基编码,194,160.0,-160.0
RBF径向基编码,195,159.0,-159.0
RBF径向基编码,196,155.0,-155.0
RBF径向基编码,197,148.0,-148.0
RBF径向基编码,198,131.0,-131.0
RBF径向基编码,199,153.0,-153.0
RBF径向基编码,200,200.0,-200.0
RBF径向基编码,201,196.0,-196.0
RBF径向基编码,202,151.0,-151.0
RBF径向基编码,203,144.0,-144.0
RBF径向基编码,204,149.0,-149.0
RBF径向基编码,205,147.0,-147.0
RBF径向基编码,206,184.0,-184.0
RBF径向基编码,207,155.0,-155.0
RBF径向基编码,208,148.0,-148.0
RBF径向基编码,209,150.0,-150.0
RBF径向基编码,210,156.0,-156.0
RBF径向基编码,211,115.0,-115.0
RBF径向基编码,212,150.0,-150.0
RBF径向基编码,213,157.0,-157.0
RBF径向基编码,214,200.0,-200.0
RBF径向基编码,215,119.0,-119.0
RBF径向基编码,216,188.0,-188.0
RBF径向基编码,217,154.0,-154.0
RBF径向基编码,218,200.0,-200.0
RBF径向基编码,219,200.0,-200.0
RBF径向基编码,220,140.0,-140.0
RBF径向基编码,221,147.0,-147.0
RBF径向基编码,222,150.0,-150.0
RBF径向基编码,223,157.0,-157.0
RBF径向基编码,224,182.0,-182.0
RBF径向基编码,225,171.0,-171.0
RBF径向基编码,226,156.0,-156.0
RBF径向基编码,227,125.0,-125.0
RBF径向基编码,228,146.0,-146.0
RBF径向基编码,229,183.0,-183.0
RBF径向基编码,230,193.0,-193.0
RBF径向基编码,231,192.0,-192.0
RBF径向基编码,232,148.0,-148.0
RBF径向基编码,233,193.0,-193.0
RBF径向基编码,234,143.0,-143.0
RBF径向基编码,235,168.0,-168.0
RBF径向基编码,236,145.0,-145.0
RBF径向基编码,237,198.0,-198.0
RBF径向基编码,238,149.0,-149.0
RBF径向基编码,239,190.0,-190.0
RBF径向基编码,240,156.0,-156.0
RBF径向基编码,241,155.0,-155.0
RBF径向基编码,242,188.0,-188.0
RBF径向基编码,243,122.0,-122.0
RBF径向基编码,244,145.0,-145.0
RBF径向基编码,245,151.0,-151.0
RBF径向基编码,246,148.0,-148.0
RBF径向基编码,247,118.0,-118.0
RBF径向基编码,248,120.0,-120.0
RBF径向基编码,249,144.0,-144.0
RBF径向基编码,250,180.0,-180.0
RBF径向基编码,251,148.0,-148.0
RBF径向基编码,252,164.0,-164.0
RBF径向基编码,253,200.0,-200.0
RBF径向基编码,254,118.0,-118.0
RBF径向基编码,255,129.0,-129.0
RBF径向基编码,256,147.0,-147.0
RBF径向基编码,257,148.0,-148.0
RBF径向基编码,258,149.0,-149.0
RBF径向基编码,259,120.0,-120.0
RBF径向基编码,260,122.0,-122.0
RBF径向基编码,261,142.0,-142.0
RBF径向基编码,262,138.0,-138.0
RBF径向基编码,263,144.0,-144.0
RBF径向基编码,264,178.0,-178.0
RBF径向基编码,265,153.0,-153.0
RBF径向基编码,266,151.0,-151.0
RBF径向基编码,267,119.0,-119.0
RBF径向基编码,268,166.0,-166.0
RBF径向基编码,269,171.0,-171.0
RBF径向基编码,270,117.0,-117.0
RBF径向基编码,271,200.0,-200.0
RBF径向基编码,272,113.0,-113.0
RBF径向基编码,273,150.0,-150.0
RBF径向基编码,274,114.0,-114.0
RBF径向基编码,275,145.0,-145.0
RBF径向基编码,276,158.0,-158.0
RBF径向基编码,277,116.0,-116.0
RBF径向基编码,278,145.0,-145.0
RBF径向基编码,279,114.0,-114.0
RBF径向基编码,280,144.0,-144.0
RBF径向基编码,281,118.0,-118.0
RBF径向基编码,282,119.0,-119.0
RBF径向基编码,283,130.0,-130.0
RBF径向基编码,284,148.0,-148.0
RBF径向基编码,285,170.0,-170.0
RBF径向基编码,286,157.0,-157.0
RBF径向基编码,287,192.0,-192.0
RBF径向基编码,288,149.0,-149.0
RBF径向基编码,289,114.0,-114.0
RBF径向基编码,290,142.0,-142.0
RBF径向基编码,291,148.0,-148.0
RBF径向基编码,292,116.0,-116.0
RBF径向基编码,293,146.0,-146.0
RBF径向基编码,294,142.0,-142.0
RBF径向基编码,295,200.0,-200.0
RBF径向基编码,296,147.0,-147.0
RBF径向基编码,297,114.0,-114.0
RBF径向基编码,298,114.0,-114.0
RBF径向基编码,299,113.0,-113.0
RBF径向基编码,300,115.0,-115.0
RBF径向基编码,301,139.0,-139.0
RBF径向基编码,302,150.0,-150.0
RBF径向基编码,303,114.0,-114.0
RBF径向基编码,304,177.0,-177.0
RBF径向基编码,305,155.0,-155.0
RBF径向基编码,306,118.0,-118.0
RBF径向基编码,307,124.0,-124.0
RBF径向基编码,308,141.0,-141.0
RBF径向基编码,309,152.0,-152.0
RBF径向基编码,310,179.0,-179.0
RBF径向基编码,311,109.0,-109.0
RBF径向基编码,312,148.0,-148.0
RBF径向基编码,313,152.0,-152.0
RBF径向基编码,314,166.0,-166.0
RBF径向基编码,315,158.0,-158.0
RBF径向基编码,316,156.0,-156.0
RBF径向基编码,317,154.0,-154.0
RBF径向基编码,318,160.0,-160.0
RBF径向基编码,319,155.0,-155.0
RBF径向基编码,320,149.0,-149.0
RBF径向基编码,321,158.0,-158.0
RBF径向基编码,322,162.0,-162.0
RBF径向基编码,323,156.0,-156.0
RBF径向基编码,324,110.0,-110.0
RBF径向基编码,325,200.0,-200.0
RBF径向基编码,326,167.0,-167.0
RBF径向基编码,327,173.0,-173.0
RBF径向基编码,328,149.0,-149.0
RBF径向基编码,329,160.0,-160.0
RBF径向基编码,330,200.0,-200.0
RBF径向基编码,331,148.0,-148.0
RBF径向基编码,332,116.0,-116.0
RBF径向基编码,333,153.0,-153.0
RBF径向基编码,334,155.0,-155.0
RBF径向基编码,335,114.0,-114.0
RBF径向基编码,336,145.0,-145.0
RBF径向基编码,337,153.0,-153.0
RBF径向基编码,338,110.0,-110.0
RBF径向基编码,339,147.0,-147.0
RBF径向基编码,340,160.0,-160.0
RBF径向基编码,341,169.0,-169.0
RBF径向基编码,342,149.0,-149.0
RBF径向基编码,343,155.0,-155.0
RBF径向基编码,344,150.0,-150.0
RBF径向基编码,345,151.0,-151.0
RBF径向基编码,346,156.0,-156.0
RBF径向基编码,347,153.0,-153.0
RBF径向基编码,348,157.0,-157.0
RBF径向基编码,349,111.0,-111.0
RBF径向基编码,350,178.0,-178.0
RBF径向基编码,351,108.0,-108.0
RBF径向基编码,352,157.0,-157.0
RBF径向基编码,353,148.0,-148.0
RBF径向基编码,354,117.0,-117.0
RBF径向基编码,355,148.0,-148.0
RBF径向基编码,356,114.0,-114.0
RBF径向基编码,357,161.0,-161.0
RBF径向基编码,358,111.0,-111.0
RBF径向基编码,359,177.0,-177.0
RBF径向基编码,360,107.0,-107.0
RBF径向基编码,361,112.0,-112.0
RBF径向基编码,362,111.0,-111.0
RBF径向基编码,363,140.0,-140.0
RBF径向基编码,364,119.0,-119.0
RBF径向基编码,365,149.0,-149.0
RBF径向基编码,366,109.0,-109.0
RBF径向基编码,367,120.0,-120.0
RBF径向基编码,368,144.0,-144.0
RBF径向基编码,369,192.0,-192.0
RBF径向基编码,370,96.0,-96.0
RBF径向基编码,371,145.0,-145.0
RBF径向基编码,372,161.0,-161.0
RBF径向基编码,373,166.0,-166.0
RBF径向基编码,374,188.0,-188.0
RBF径向基编码,375,155.0,-155.0
RBF径向基编码,376,110.0,-110.0
RBF径向基编码,377,155.0,-155.0
RBF径向基编码,378,167.0,-167.0
RBF径向基编码,379,150.0,-150.0
RBF径向基编码,380,183.0,-183.0
RBF径向基编码,381,112.0,-112.0
RBF径向基编码,382,151.0,-151.0
RBF径向基编码,383,111.0,-111.0
RBF径向基编码,384,194.0,-194.0
RBF径向基编码,385,157.0,-157.0
RBF径向基编码,386,116.0,-116.0
RBF径向基编码,387,120.0,-120.0
RBF径向基编码,388,166.0,-166.0
RBF径向基编码,389,150.0,-150.0
RBF径向基编码,390,163.0,-163.0
RBF径向基编码,391,113.0,-113.0
RBF径向基编码,392,167.0,-167.0
RBF径向基编码,393,146.0,-146.0
RBF径向基编码,394,164.0,-164.0
RBF径向基编码,395,158.0,-158.0
RBF径向基编码,396,158.0,-158.0
RBF径向基编码,397,107.0,-107.0
RBF径向基编码,398,115.0,-115.0
RBF径向基编码,399,149.0,-149.0
RBF径向基编码,400,114.0,-114.0
RBF径向基编码,401,147.0,-147.0
RBF径向基编码,402,116.0,-116.0
RBF径向基编码,403,148.0,-148.0
RBF径向基编码,404,113.0,-113.0
RBF径向基编码,405,200.0,-200.0
RBF径向基编码,406,93.0,-93.0
RBF径向基编码,407,152.0,-152.0
RBF径向基编码,408,117.0,-117.0
RBF径向基编码,409,156.0,-156.0
RBF径向基编码,410,152.0,-152.0
RBF径向基编码,411,162.0,-162.0
RBF径向基编码,412,148.0,-148.0
RBF径向基编码,413,112.0,-112.0
RBF径向基编码,414,121.0,-121.0
RBF径向基编码,415,177.0,-177.0
RBF径向基编码,416,143.0,-143.0
RBF径向基编码,417,112.0,-112.0
RBF径向基编码,418,107.0,-107.0
RBF径向基编码,419,112.0,-112.0
RBF径向基编码,420,150.0,-150.0
RBF径向基编码,421,145.0,-145.0
RBF径向基编码,422,113.0,-113.0
RBF径向基编码,423,113.0,-113.0
RBF径向基编码,424,108.0,-108.0
RBF径向基编码,425,110.0,-110.0
RBF径向基编码,426,181.0,-181.0
RBF径向基编码,427,151.0,-151.0
RBF径向基编码,428,108.0,-108.0
RBF径向基编码,429,114.0,-114.0
RBF径向基编码,430,173.0,-173.0
RBF径向基编码,431,147.0,-147.0
RBF径向基编码,432,110.0,-110.0
RBF径向基编码,433,141.0,-141.0
RBF径向基编码,434,121.0,-121.0
RBF径向基编码,435,152.0,-152.0
RBF径向基编码,436,166.0,-166.0
RBF径向基编码,437,107.0,-107.0
RBF径向基编码,438,116.0,-116.0
RBF径向基编码,439,107.0,-107.0
RBF径向基编码,440,145.0,-145.0
RBF径向基编码,441,141.0,-141.0
RBF径向基编码,442,147.0,-147.0
RBF径向基编码,443,147.0,-147.0
RBF径向基编码,444,165.0,-165.0
RBF径向基编码,445,113.0,-113.0
RBF径向基编码,446,99.0,-99.0
RBF径向基编码,447,125.0,-125.0
RBF径向基编码,448,112.0,-112.0
RBF径向基编码,449,176.0,-176.0
RBF径向基编码,450,115.0,-115.0
RBF径向基编码,451,146.0,-146.0
RBF径向基编码,452,114.0,-114.0
RBF径向基编码,453,136.0,-136.0
RBF径向基编码,454,138.0,-138.0
RBF径向基编码,455,124.0,-124.0
RBF径向基编码,456,137.0,-137.0
RBF径向基编码,457,138.0,-138.0
RBF径向基编码,458,112.0,-112.0
RBF径向基编码,459,140.0,-140.0
RBF径向基编码,460,110.0,-110.0
RBF径向基编码,461,122.0,-122.0
RBF径向基编码,462,132.0,-132.0
RBF径向基编码,463,113.0,-113.0
RBF径向基编码,464,95.0,-95.0
RBF径向基编码,465,145.0,-145.0
RBF径向基编码,466,119.0,-119.0
RBF径向基编码,467,149.0,-149.0
RBF径向基编码,468,136.0,-136.0
RBF径向基编码,469,137.0,-137.0
RBF径向基编码,470,112.0,-112.0
RBF径向基编码,471,111.0,-111.0
RBF径向基编码,472,107.0,-107.0
RBF径向基编码,473,148.0,-148.0
RBF径向基编码,474,112.0,-112.0
RBF径向基编码,475,132.0,-132.0
RBF径向基编码,476,129.0,-129.0
RBF径向基编码,477,145.0,-145.0
RBF径向基编码,478,110.0,-110.0
RBF径向基编码,479,114.0,-114.0
RBF径向基编码,480,139.0,-139.0
RBF径向基编码,481,111.0,-111.0
RBF径向基编码,482,139.0,-139.0
RBF径向基编码,483,111.0,-111.0
RBF径向基编码,484,112.0,-112.0
RBF径向基编码,485,139.0,-139.0
RBF径向基编码,486,161.0,-161.0
RBF径向基编码,487,92.0,-92.0
RBF径向基编码,488,148.0,-148.0
RBF径向基编码,489,139.0,-139.0
RBF径向基编码,490,111.0,-111.0
RBF径向基编码,491,107.0,-107.0
RBF径向基编码,492,107.0,-107.0
RBF径向基编码,493,142.0,-142.0
RBF径向基编码,494,114.0,-114.0
RBF径向基编码,495,135.0,-135.0
RBF径向基编码,496,113.0,-113.0
RBF径向基编码,497,133.0,-133.0
RBF径向基编码,498,88.0,-88.0
RBF径向基编码,499,128.0,-128.0
RBF径向基编码,500,112.0,-112.0
RBF径向基编码,501,137.0,-137.0
RBF径向基编码,502,125.0,-125.0
RBF径向基编码,503,135.0,-135.0
RBF径向基编码,504,161.0,-161.0
RBF径向基编码,505,106.0,-106.0
RBF径向基编码,506,161.0,-161.0
RBF径向基编码,507,146.0,-146.0
RBF径向基编码,508,142.0,-142.0
RBF径向基编码,509,133.0,-133.0
RBF径向基编码,510,95.0,-95.0
RBF径向基编码,511,110.0,-110.0
RBF径向基编码,512,125.0,-125.0
RBF径向基编码,513,134.0,-134.0
RBF径向基编码,514,122.0,-122.0
RBF径向基编码,515,136.0,-136.0
RBF径向基编码,516,132.0,-132.0
RBF径向基编码,517,133.0,-133.0
RBF径向基编码,518,87.0,-87.0
RBF径向基编码,519,112.0,-112.0
RBF径向基编码,520,140.0,-140.0
RBF径向基编码,521,137.0,-137.0
RBF径向基编码,522,110.0,-110.0
RBF径向基编码,523,116.0,-116.0
RBF径向基编码,524,132.0,-132.0
RBF径向基编码,525,130.0,-130.0
RBF径向基编码,526,115.0,-115.0
RBF径向基编码,527,113.0,-113.0
RBF径向基编码,528,141.0,-141.0
RBF径向基编码,529,137.0,-137.0
RBF径向基编码,530,114.0,-114.0
RBF径向基编码,531,104.0,-104.0
RBF径向基编码,532,143.0,-143.0
RBF径向基编码,533,153.0,-153.0
RBF径向基编码,534,114.0,-114.0
RBF径向基编码,535,108.0,-108.0
RBF径向基编码,536,107.0,-107.0
RBF径向基编码,537,111.0,-111.0
RBF径向基编码,538,164.0,-164.0
RBF径向基编码,539,110.0,-110.0
RBF径向基编码,540,132.0,-132.0
RBF径向基编码,541,85.0,-85.0
RBF径向基编码,542,111.0,-111.0
RBF径向基编码,543,112.0,-112.0
RBF径向基编码,544,162.0,-162.0
RBF径向基编码,545,109.0,-109.0
RBF径向基编码,546,109.0,-109.0
RBF径向基编码,547,112.0,-112.0
RBF径向基编码,548,174.0,-174.0
RBF径向基编码,549,115.0,-115.0
RBF径向基编码,550,107.0,-107.0
RBF径向基编码,551,128.0,-128.0
RBF径向基编码,552,105.0,-105.0
RBF径向基编码,553,147.0,-147.0
RBF径向基编码,554,141.0,-141.0
RBF径向基编码,555,129.0,-129.0
RBF径向基编码,556,113.0,-113.0
RBF径向基编码,557,112.0,-112.0
RBF径向基编码,558,129.0,-129.0
RBF径向基编码,559,112.0,-112.0
RBF径向基编码,560,127.0,-127.0
RBF径向基编码,561,113.0,-113.0
RBF径向基编码,562,113.0,-113.0
RBF径向基编码,563,147.0,-147.0
RBF径向基编码,564,127.0,-127.0
RBF径向基编码,565,148.0,-148.0
RBF径向基编码,566,135.0,-135.0
RBF径向基编码,567,98.0,-98.0
RBF径向基编码,568,111.0,-111.0
RBF径向基编码,569,145.0,-145.0
RBF径向基编码,570,149.0,-149.0
RBF径向基编码,571,114.0,-114.0
RBF径向基编码,572,110.0,-110.0
RBF径向基编码,573,104.0,-104.0
RBF径向基编码,574,114.0,-114.0
RBF径向基编码,575,111.0,-111.0
RBF径向基编码,576,106.0,-106.0
RBF径向基编码,577,113.0,-113.0
RBF径向基编码,578,111.0,-111.0
RBF径向基编码,579,111.0,-111.0
RBF径向基编码,580,129.0,-129.0
RBF径向基编码,581,142.0,-142.0
RBF径向基编码,582,114.0,-114.0
RBF径向基编码,583,89.0,-89.0
RBF径向基编码,584,109.0,-109.0
RBF径向基编码,585,114.0,-114.0
RBF径向基编码,586,106.0,-106.0
RBF径向基编码,587,152.0,-152.0
RBF径向基编码,588,113.0,-113.0
RBF径向基编码,589,103.0,-103.0
RBF径向基编码,590,133.0,-133.0
RBF径向基编码,591,105.0,-105.0
RBF径向基编码,592,129.0,-129.0
RBF径向基编码,593,112.0,-112.0
RBF径向基编码,594,108.0,-108.0
RBF径向基编码,595,97.0,-97.0
RBF径向基编码,596,104.0,-104.0
RBF径向基编码,597,153.0,-153.0
RBF径向基编码,598,112.0,-112.0
RBF径向基编码,599,107.0,-107.0
RBF径向基编码,600,111.0,-111.0
RBF径向基编码,601,113.0,-113.0
RBF径向基编码,602,110.0,-110.0
RBF径向基编码,603,105.0,-105.0
RBF径向基编码,604,133.0,-133.0
RBF径向基编码,605,89.0,-89.0
RBF径向基编码,606,109.0,-109.0
RBF径向基编码,607,115.0,-115.0
RBF径向基编码,608,106.0,-106.0
RBF径向基编码,609,116.0,-116.0
RBF径向基编码,610,111.0,-111.0
RBF径向基编码,611,95.0,-95.0
RBF径向基编码,612,134.0,-134.0
RBF径向基编码,613,127.0,-127.0
RBF径向基编码,614,109.0,-109.0
RBF径向基编码,615,150.0,-150.0
RBF径向基编码,616,110.0,-110.0
RBF径向基编码,617,147.0,-147.0
RBF径向基编码,618,112.0,-112.0
RBF径向基编码,619,111.0,-111.0
RBF径向基编码,620,112.0,-112.0
RBF径向基编码,621,105.0,-105.0
RBF径向基编码,622,133.0,-133.0
RBF径向基编码,623,131.0,-131.0
RBF径向基编码,624,128.0,-128.0
RBF径向基编码,625,143.0,-143.0
RBF径向基编码,626,155.0,-155.0
RBF径向基编码,627,146.0,-146.0
RBF径向基编码,628,106.0,-106.0
RBF径向基编码,629,148.0,-148.0
RBF径向基编码,630,110.0,-110.0
RBF径向基编码,631,112.0,-112.0
RBF径向基编码,632,131.0,-131.0
RBF径向基编码,633,110.0,-110.0
RBF径向基编码,634,104.0,-104.0
RBF径向基编码,635,104.0,-104.0
RBF径向基编码,636,107.0,-107.0
RBF径向基编码,637,152.0,-152.0
RBF径向基编码,638,88.0,-88.0
RBF径向基编码,639,113.0,-113.0
RBF径向基编码,640,144.0,-144.0
RBF径向基编码,641,132.0,-132.0
RBF径向基编码,642,146.0,-146.0
RBF径向基编码,643,111.0,-111.0
RBF径向基编码,644,111.0,-111.0
RBF径向基编码,645,142.0,-142.0
RBF径向基编码,646,113.0,-113.0
RBF径向基编码,647,106.0,-106.0
RBF径向基编码,648,104.0,-104.0
RBF径向基编码,649,107.0,-107.0
RBF径向基编码,650,147.0,-147.0
RBF径向基编码,651,107.0,-107.0
RBF径向基编码,652,106.0,-106.0
RBF径向基编码,653,104.0,-104.0
RBF径向基编码,654,134.0,-134.0
RBF径向基编码,655,141.0,-141.0
RBF径向基编码,656,94.0,-94.0
RBF径向基编码,657,104.0,-104.0
RBF径向基编码,658,108.0,-108.0
RBF径向基编码,659,111.0,-111.0
RBF径向基编码,660,131.0,-131.0
RBF径向基编码,661,106.0,-106.0
RBF径向基编码,662,138.0,-138.0
RBF径向基编码,663,107.0,-107.0
RBF径向基编码,664,87.0,-87.0
RBF径向基编码,665,111.0,-111.0
RBF径向基编码,666,93.0,-93.0
RBF径向基编码,667,104.0,-104.0
RBF径向基编码,668,91.0,-91.0
RBF径向基编码,669,109.0,-109.0
RBF径向基编码,670,105.0,-105.0
RBF径向基编码,671,133.0,-133.0
RBF径向基编码,672,109.0,-109.0
RBF径向基编码,673,110.0,-110.0
RBF径向基编码,674,105.0,-105.0
RBF径向基编码,675,105.0,-105.0
RBF径向基编码,676,87.0,-87.0
RBF径向基编码,677,107.0,-107.0
RBF径向基编码,678,105.0,-105.0
RBF径向基编码,679,89.0,-89.0
RBF径向基编码,680,155.0,-155.0
RBF径向基编码,681,108.0,-108.0
RBF径向基编码,682,104.0,-104.0
RBF径向基编码,683,171.0,-171.0
RBF径向基编码,684,100.0,-100.0
RBF径向基编码,685,150.0,-150.0
RBF径向基编码,686,104.0,-104.0
RBF径向基编码,687,105.0,-105.0
RBF径向基编码,688,131.0,-131.0
RBF径向基编码,689,105.0,-105.0
RBF径向基编码,690,109.0,-109.0
RBF径向基编码,691,110.0,-110.0
RBF径向基编码,692,147.0,-147.0
RBF径向基编码,693,114.0,-114.0
RBF径向基编码,694,109.0,-109.0
RBF径向基编码,695,155.0,-155.0
RBF径向基编码,696,108.0,-108.0
RBF径向基编码,697,106.0,-106.0
RBF径向基编码,698,106.0,-106.0
RBF径向基编码,699,112.0,-112.0
RBF径向基编码,700,111.0,-111.0
RBF径向基编码,701,128.0,-128.0
RBF径向基编码,702,140.0,-140.0
RBF径向基编码,703,110.0,-110.0
RBF径向基编码,704,106.0,-106.0
RBF径向基编码,705,175.0,-175.0
RBF径向基编码,706,105.0,-105.0
RBF径向基编码,707,106.0,-106.0
RBF径向基编码,708,128.0,-128.0
RBF径向基编码,709,172.0,-172.0
RBF径向基编码,710,108.0,-108.0
RBF径向基编码,711,109.0,-109.0
RBF径向基编码,712,149.0,-149.0
RBF径向基编码,713,129.0,-129.0
RBF径向基编码,714,135.0,-135.0
RBF径向基编码,715,105.0,-105.0
RBF径向基编码,716,138.0,-138.0
RBF径向基编码,717,156.0,-156.0
RBF径向基编码,718,95.0,-95.0
RBF径向基编码,719,89.0,-89.0
RBF径向基编码,720,105.0,-105.0
RBF径向基编码,721,131.0,-131.0
RBF径向基编码,722,105.0,-105.0
RBF径向基编码,723,111.0,-111.0
RBF径向基编码,724,111.0,-111.0
RBF径向基编码,725,106.0,-106.0
RBF径向基编码,726,105.0,-105.0
RBF径向基编码,727,149.0,-149.0
RBF径向基编码,728,131.0,-131.0
RBF径向基编码,729,107.0,-107.0
RBF径向基编码,730,107.0,-107.0
RBF径向基编码,731,109.0,-109.0
RBF径向基编码,732,107.0,-107.0
RBF径向基编码,733,111.0,-111.0
RBF径向基编码,734,144.0,-144.0
RBF径向基编码,735,138.0,-138.0
RBF径向基编码,736,105.0,-105.0
RBF径向基编码,737,87.0,-87.0
RBF径向基编码,738,106.0,-106.0
RBF径向基编码,739,140.0,-140.0
RBF径向基编码,740,104.0,-104.0
RBF径向基编码,741,139.0,-139.0
RBF径向基编码,742,105.0,-105.0
RBF径向基编码,743,93.0,-93.0
RBF径向基编码,744,142.0,-142.0
RBF径向基编码,745,148.0,-148.0
RBF径向基编码,746,110.0,-110.0
RBF径向基编码,747,105.0,-105.0
RBF径向基编码,748,109.0,-109.0
RBF径向基编码,749,106.0,-106.0
RBF径向基编码,750,106.0,-106.0
RBF径向基编码,751,105.0,-105.0
RBF径向基编码,752,104.0,-104.0
RBF径向基编码,753,161.0,-161.0
RBF径向基编码,754,148.0,-148.0
RBF径向基编码,755,163.0,-163.0
RBF径向基编码,756,105.0,-105.0
RBF径向基编码,757,105.0,-105.0
RBF径向基编码,758,110.0,-110.0
RBF径向基编码,759,104.0,-104.0
RBF径向基编码,760,104.0,-104.0
RBF径向基编码,761,140.0,-140.0
RBF径向基编码,762,104.0,-104.0
RBF径向基编码,763,142.0,-142.0
RBF径向基编码,764,92.0,-92.0
RBF径向基编码,765,147.0,-147.0
RBF径向基编码,766,105.0,-105.0
RBF径向基编码,767,145.0,-145.0
RBF径向基编码,768,107.0,-107.0
RBF径向基编码,769,104.0,-104.0
RBF径向基编码,770,105.0,-105.0
RBF径向基编码,771,110.0,-110.0
RBF径向基编码,772,104.0,-104.0
RBF径向基编码,773,105.0,-105.0
RBF径向基编码,774,105.0,-105.0
RBF径向基编码,775,172.0,-172.0
RBF径向基编码,776,96.0,-96.0
RBF径向基编码,777,115.0,-115.0
RBF径向基编码,778,107.0,-107.0
RBF径向基编码,779,108.0,-108.0
RBF径向基编码,780,142.0,-142.0
RBF径向基编码,781,105.0,-105.0
RBF径向基编码,782,105.0,-105.0
RBF径向基编码,783,156.0,-156.0
RBF径向基编码,784,145.0,-145.0
RBF径向基编码,785,160.0,-160.0
RBF径向基编码,786,157.0,-157.0
RBF径向基编码,787,105.0,-105.0
RBF径向基编码,788,105.0,-105.0
RBF径向基编码,789,104.0,-104.0
RBF径向基编码,790,136.0,-136.0
RBF径向基编码,791,105.0,-105.0
RBF径向基编码,792,156.0,-156.0
RBF径向基编码,793,160.0,-160.0
RBF径向基编码,794,105.0,-105.0
RBF径向基编码,795,105.0,-105.0
RBF径向基编码,796,105.0,-105.0
RBF径向基编码,797,104.0,-104.0
RBF径向基编码,798,137.0,-137.0
RBF径向基编码,799,156.0,-156.0
RBF径向基编码,800,121.0,-121.0
RBF径向基编码,801,104.0,-104.0
RBF径向基编码,802,92.0,-92.0
RBF径向基编码,803,122.0,-122.0
RBF径向基编码,804,137.0,-137.0
RBF径向基编码,805,105.0,-105.0
RBF径向基编码,806,120.0,-120.0
RBF径向基编码,807,111.0,-111.0
RBF径向基编码,808,145.0,-145.0
RBF径向基编码,809,134.0,-134.0
RBF径向基编码,810,134.0,-134.0
RBF径向基编码,811,175.0,-175.0
RBF径向基编码,812,147.0,-147.0
RBF径向基编码,813,137.0,-137.0
RBF径向基编码,814,147.0,-147.0
RBF径向基编码,815,137.0,-137.0
RBF径向基编码,816,106.0,-106.0
RBF径向基编码,817,141.0,-141.0
RBF径向基编码,818,108.0,-108.0
RBF径向基编码,819,151.0,-151.0
RBF径向基编码,820,145.0,-145.0
RBF径向基编码,821,137.0,-137.0
RBF径向基编码,822,106.0,-106.0
RBF径向基编码,823,150.0,-150.0
RBF径向基编码,824,109.0,-109.0
RBF径向基编码,825,140.0,-140.0
RBF径向基编码,826,165.0,-165.0
RBF径向基编码,827,138.0,-138.0
RBF径向基编码,828,136.0,-136.0
RBF径向基编码,829,137.0,-137.0
RBF径向基编码,830,91.0,-91.0
RBF径向基编码,831,106.0,-106.0
RBF径向基编码,832,123.0,-123.0
RBF径向基编码,833,135.0,-135.0
RBF径向基编码,834,106.0,-106.0
RBF径向基编码,835,105.0,-105.0
RBF径向基编码,836,167.0,-167.0
RBF径向基编码,837,138.0,-138.0
RBF径向基编码,838,154.0,-154.0
RBF径向基编码,839,106.0,-106.0
RBF径向基编码,840,149.0,-149.0
RBF径向基编码,841,169.0,-169.0
RBF径向基编码,842,132.0,-132.0
RBF径向基编码,843,136.0,-136.0
RBF径向基编码,844,95.0,-95.0
RBF径向基编码,845,115.0,-115.0
RBF径向基编码,846,92.0,-92.0
RBF径向基编码,847,106.0,-106.0
RBF径向基编码,848,108.0,-108.0
RBF径向基编码,849,112.0,-112.0
RBF径向基编码,850,105.0,-105.0
RBF径向基编码,851,137.0,-137.0
RBF径向基编码,852,142.0,-142.0
RBF径向基编码,853,136.0,-136.0
RBF径向基编码,854,98.0,-98.0
RBF径向基编码,855,110.0,-110.0
RBF径向基编码,856,106.0,-106.0
RBF径向基编码,857,139.0,-139.0
RBF径向基编码,858,136.0,-136.0
RBF径向基编码,859,169.0,-169.0
RBF径向基编码,860,136.0,-136.0
RBF径向基编码,861,138.0,-138.0
RBF径向基编码,862,154.0,-154.0
RBF径向基编码,863,142.0,-142.0
RBF径向基编码,864,162.0,-162.0
RBF径向基编码,865,139.0,-139.0
RBF径向基编码,866,136.0,-136.0
RBF径向基编码,867,150.0,-150.0
RBF径向基编码,868,181.0,-181.0
RBF径向基编码,869,144.0,-144.0
RBF径向基编码,870,105.0,-105.0
RBF径向基编码,871,106.0,-106.0
RBF径向基编码,872,115.0,-115.0
RBF径向基编码,873,111.0,-111.0
RBF径向基编码,874,141.0,-141.0
RBF径向基编码,875,109.0,-109.0
RBF径向基编码,876,137.0,-137.0
RBF径向基编码,877,125.0,-125.0
RBF径向基编码,878,88.0,-88.0
RBF径向基编码,879,141.0,-141.0
RBF径向基编码,880,136.0,-136.0
RBF径向基编码,881,138.0,-138.0
RBF径向基编码,882,94.0,-94.0
RBF径向基编码,883,137.0,-137.0
RBF径向基编码,884,101.0,-101.0
RBF径向基编码,885,137.0,-137.0
RBF径向基编码,886,137.0,-137.0
RBF径向基编码,887,139.0,-139.0
RBF径向基编码,888,166.0,-166.0
RBF径向基编码,889,145.0,-145.0
RBF径向基编码,890,144.0,-144.0
RBF径向基编码,891,120.0,-120.0
RBF径向基编码,892,136.0,-136.0
RBF径向基编码,893,137.0,-137.0
RBF径向基编码,894,136.0,-136.0
RBF径向基编码,895,90.0,-90.0
RBF径向基编码,896,145.0,-145.0
RBF径向基编码,897,141.0,-141.0
RBF径向基编码,898,137.0,-137.0
RBF径向基编码,899,144.0,-144.0
RBF径向基编码,900,135.0,-135.0
RBF径向基编码,901,88.0,-88.0
RBF径向基编码,902,137.0,-137.0
RBF径向基编码,903,136.0,-136.0
RBF径向基编码,904,159.0,-159.0
RBF径向基编码,905,144.0,-144.0
RBF径向基编码,906,134.0,-134.0
RBF径向基编码,907,142.0,-142.0
RBF径向基编码,908,117.0,-117.0
RBF径向基编码,909,144.0,-144.0
RBF径向基编码,910,85.0,-85.0
RBF径向基编码,911,135.0,-135.0
RBF径向基编码,912,140.0,-140.0
RBF径向基编码,913,135.0,-135.0
RBF径向基编码,914,139.0,-139.0
RBF径向基编码,915,135.0,-135.0
RBF径向基编码,916,133.0,-133.0
RBF径向基编码,917,136.0,-136.0
RBF径向基编码,918,90.0,-90.0
RBF径向基编码,919,135.0,-135.0
RBF径向基编码,920,142.0,-142.0
RBF径向基编码,921,142.0,-142.0
RBF径向基编码,922,140.0,-140.0
RBF径向基编码,923,148.0,-148.0
RBF径向基编码,924,142.0,-142.0
RBF径向基编码,925,89.0,-89.0
RBF径向基编码,926,136.0,-136.0
RBF径向基编码,927,138.0,-138.0
RBF径向基编码,928,150.0,-150.0
RBF径向基编码,929,101.0,-101.0
RBF径向基编码,930,151.0,-151.0
RBF径向基编码,931,88.0,-88.0
RBF径向基编码,932,130.0,-130.0
RBF径向基编码,933,134.0,-134.0
RBF径向基编码,934,135.0,-135.0
RBF径向基编码,935,138.0,-138.0
RBF径向基编码,936,107.0,-107.0
RBF径向基编码,937,144.0,-144.0
RBF径向基编码,938,139.0,-139.0
RBF径向基编码,939,140.0,-140.0
RBF径向基编码,940,134.0,-134.0
RBF径向基编码,941,136.0,-136.0
RBF径向基编码,942,138.0,-138.0
RBF径向基编码,943,107.0,-107.0
RBF径向基编码,944,110.0,-110.0
RBF径向基编码,945,95.0,-95.0
RBF径向基编码,946,134.0,-134.0
RBF径向基编码,947,152.0,-152.0
RBF径向基编码,948,140.0,-140.0
RBF径向基编码,949,141.0,-141.0
RBF径向基编码,950,96.0,-96.0
RBF径向基编码,951,149.0,-149.0
RBF径向基编码,952,149.0,-149.0
RBF径向基编码,953,136.0,-136.0
RBF径向基编码,954,135.0,-135.0
RBF径向基编码,955,153.0,-153.0
RBF径向基编码,956,145.0,-145.0
RBF径向基编码,957,158.0,-158.0
RBF径向基编码,958,126.0,-126.0
RBF径向基编码,959,104.0,-104.0
RBF径向基编码,960,131.0,-131.0
RBF径向基编码,961,152.0,-152.0
RBF径向基编码,962,130.0,-130.0
RBF径向基编码,963,150.0,-150.0
RBF径向基编码,964,111.0,-111.0
RBF径向基编码,965,89.0,-89.0
RBF径向基编码,966,130.0,-130.0
RBF径向基编码,967,142.0,-142.0
RBF径向基编码,968,143.0,-143.0
RBF径向基编码,969,141.0,-141.0
RBF径向基编码,970,156.0,-156.0
RBF径向基编码,971,136.0,-136.0
RBF径向基编码,972,100.0,-100.0
RBF径向基编码,973,153.0,-153.0
RBF径向基编码,974,90.0,-90.0
RBF径向基编码,975,85.0,-85.0
RBF径向基编码,976,136.0,-136.0
RBF径向基编码,977,132.0,-132.0
RBF径向基编码,978,141.0,-141.0
RBF径向基编码,979,150.0,-150.0
RBF径向基编码,980,140.0,-140.0
RBF径向基编码,981,109.0,-109.0
RBF径向基编码,982,134.0,-134.0
RBF径向基编码,983,138.0,-138.0
RBF径向基编码,984,136.0,-136.0
RBF径向基编码,985,142.0,-142.0
RBF径向基编码,986,106.0,-106.0
RBF径向基编码,987,135.0,-135.0
RBF径向基编码,988,142.0,-142.0
RBF径向基编码,989,141.0,-141.0
RBF径向基编码,990,92.0,-92.0
RBF径向基编码,991,132.0,-132.0
RBF径向基编码,992,84.0,-84.0
RBF径向基编码,993,106.0,-106.0
RBF径向基编码,994,144.0,-144.0
RBF径向基编码,995,133.0,-133.0
RBF径向基编码,996,146.0,-146.0
RBF径向基编码,997,138.0,-138.0
RBF径向基编码,998,132.0,-132.0
RBF径向基编码,999,135.0,-135.0
二阶交叉,0,200.0,-200.0
二阶交叉,1,200.0,-200.0
二阶交叉,2,200.0,-200.0
二阶交叉,3,200.0,-200.0
二阶交叉,4,200.0,-200.0
二阶交叉,5,200.0,-200.0
二阶交叉,6,200.0,-200.0
二阶交叉,7,200.0,-200.0
二阶交叉,8,200.0,-200.0
二阶交叉,9,200.0,-200.0
二阶交叉,10,200.0,-200.0
二阶交叉,11,200.0,-200.0
二阶交叉,12,200.0,-200.0
二阶交叉,13,200.0,-200.0
二阶交叉,14,200.0,-200.0
二阶交叉,15,200.0,-200.0
二阶交叉,16,200.0,-200.0
二阶交叉,17,200.0,-200.0
二阶交叉,18,200.0,-200.0
二阶交叉,19,200.0,-200.0
二阶交叉,20,200.0,-200.0
二阶交叉,21,200.0,-200.0
二阶交叉,22,200.0,-200.0
二阶交叉,23,200.0,-200.0
二阶交叉,24,200.0,-200.0
二阶交叉,25,200.0,-200.0
二阶交叉,26,200.0,-200.0
二阶交叉,27,200.0,-200.0
二阶交叉,28,200.0,-200.0
二阶交叉,29,200.0,-200.0
二阶交叉,30,200.0,-200.0
二阶交叉,31,200.0,-200.0
二阶交叉,32,200.0,-200.0
二阶交叉,33,200.0,-200.0
二阶交叉,34,200.0,-200.0
二阶交叉,35,200.0,-200.0
二阶交叉,36,200.0,-200.0
二阶交叉,37,200.0,-200.0
二阶交叉,38,200.0,-200.0
二阶交叉,39,200.0,-200.0
二阶交叉,40,200.0,-200.0
二阶交叉,41,200.0,-200.0
二阶交叉,42,200.0,-200.0
二阶交叉,43,200.0,-200.0
二阶交叉,44,200.0,-200.0
二阶交叉,45,200.0,-200.0
二阶交叉,46,200.0,-200.0
二阶交叉,47,200.0,-200.0
二阶交叉,48,200.0,-200.0
二阶交叉,49,200.0,-200.0
二阶交叉,50,200.0,-200.0
二阶交叉,51,200.0,-200.0
二阶交叉,52,200.0,-200.0
二阶交叉,53,200.0,-200.0
二阶交叉,54,200.0,-200.0
二阶交叉,55,200.0,-200.0
二阶交叉,56,200.0,-200.0
二阶交叉,57,200.0,-200.0
二阶交叉,58,200.0,-200.0
二阶交叉,59,200.0,-200.0
二阶交叉,60,200.0,-200.0
二阶交叉,61,200.0,-200.0
二阶交叉,62,200.0,-200.0
二阶交叉,63,200.0,-200.0
二阶交叉,64,200.0,-200.0
二阶交叉,65,200.0,-200.0
二阶交叉,66,200.0,-200.0
二阶交叉,67,200.0,-200.0
二阶交叉,68,200.0,-200.0
二阶交叉,69,200.0,-200.0
二阶交叉,70,200.0,-200.0
二阶交叉,71,200.0,-200.0
二阶交叉,72,200.0,-200.0
二阶交叉,73,200.0,-200.0
二阶交叉,74,200.0,-200.0
二阶交叉,75,200.0,-200.0
二阶交叉,76,200.0,-200.0
二阶交叉,77,200.0,-200.0
二阶交叉,78,200.0,-200.0
二阶交叉,79,200.0,-200.0
二阶交叉,80,200.0,-200.0
二阶交叉,81,200.0,-200.0
二阶交叉,82,200.0,-200.0
二阶交叉,83,200.0,-200.0
二阶交叉,84,200.0,-200.0
二阶交叉,85,200.0,-200.0
二阶交叉,86,200.0,-200.0
二阶交叉,87,200.0,-200.0
二阶交叉,88,200.0,-200.0
二阶交叉,89,200.0,-200.0
二阶交叉,90,200.0,-200.0
二阶交叉,91,200.0,-200.0
二阶交叉,92,200.0,-200.0
二阶交叉,93,200.0,-200.0
二阶交叉,94,200.0,-200.0
二阶交叉,95,200.0,-200.0
二阶交叉,96,200.0,-200.0
二阶交叉,97,200.0,-200.0
二阶交叉,98,200.0,-200.0
二阶交叉,99,200.0,-200.0
二阶交叉,100,200.0,-200.0
二阶交叉,101,200.0,-200.0
二阶交叉,102,200.0,-200.0
二阶交叉,103,200.0,-200.0
二阶交叉,104,200.0,-200.0
二阶交叉,105,200.0,-200.0
二阶交叉,106,200.0,-200.0
二阶交叉,107,200.0,-200.0
二阶交叉,108,200.0,-200.0
二阶交叉,109,200.0,-200.0
二阶交叉,110,200.0,-200.0
二阶交叉,111,200.0,-200.0
二阶交叉,112,200.0,-200.0
二阶交叉,113,200.0,-200.0
二阶交叉,114,200.0,-200.0
二阶交叉,115,200.0,-200.0
二阶交叉,116,200.0,-200.0
二阶交叉,117,200.0,-200.0
二阶交叉,118,200.0,-200.0
二阶交叉,119,200.0,-200.0
二阶交叉,120,200.0,-200.0
二阶交叉,121,200.0,-200.0
二阶交叉,122,200.0,-200.0
二阶交叉,123,200.0,-200.0
二阶交叉,124,200.0,-200.0
二阶交叉,125,200.0,-200.0
二阶交叉,126,200.0,-200.0
二阶交叉,127,200.0,-200.0
二阶交叉,128,200.0,-200.0
二阶交叉,129,200.0,-200.0
二阶交叉,130,200.0,-200.0
二阶交叉,131,200.0,-200.0
二阶交叉,132,200.0,-200.0
二阶交叉,133,200.0,-200.0
二阶交叉,134,200.0,-200.0
二阶交叉,135,200.0,-200.0
二阶交叉,136,200.0,-200.0
二阶交叉,137,200.0,-200.0
二阶交叉,138,200.0,-200.0
二阶交叉,139,200.0,-200.0
二阶交叉,140,200.0,-200.0
二阶交叉,141,200.0,-200.0
二阶交叉,142,200.0,-200.0
二阶交叉,143,200.0,-200.0
二阶交叉,144,200.0,-200.0
二阶交叉,145,200.0,-200.0
二阶交叉,146,200.0,-200.0
二阶交叉,147,200.0,-200.0
二阶交叉,148,200.0,-200.0
二阶交叉,149,200.0,-200.0
二阶交叉,150,200.0,-200.0
二阶交叉,151,200.0,-200.0
二阶交叉,152,200.0,-200.0
二阶交叉,153,200.0,-200.0
二阶交叉,154,200.0,-200.0
二阶交叉,155,200.0,-200.0
二阶交叉,156,200.0,-200.0
二阶交叉,157,200.0,-200.0
二阶交叉,158,200.0,-200.0
二阶交叉,159,200.0,-200.0
二阶交叉,160,200.0,-200.0
二阶交叉,161,200.0,-200.0
二阶交叉,162,200.0,-200.0
二阶交叉,163,200.0,-200.0
二阶交叉,164,200.0,-200.0
二阶交叉,165,200.0,-200.0
二阶交叉,166,200.0,-200.0
二阶交叉,167,200.0,-200.0
二阶交叉,168,200.0,-200.0
二阶交叉,169,200.0,-200.0
二阶交叉,170,200.0,-200.0
二阶交叉,171,200.0,-200.0
二阶交叉,172,200.0,-200.0
二阶交叉,173,200.0,-200.0
二阶交叉,174,200.0,-200.0
二阶交叉,175,200.0,-200.0
二阶交叉,176,200.0,-200.0
二阶交叉,177,200.0,-200.0
二阶交叉,178,200.0,-200.0
二阶交叉,179,200.0,-200.0
二阶交叉,180,200.0,-200.0
二阶交叉,181,200.0,-200.0
二阶交叉,182,200.0,-200.0
二阶交叉,183,200.0,-200.0
二阶交叉,184,200.0,-200.0
二阶交叉,185,200.0,-200.0
二阶交叉,186,200.0,-200.0
二阶交叉,187,200.0,-200.0
二阶交叉,188,200.0,-200.0
二阶交叉,189,200.0,-200.0
二阶交叉,190,200.0,-200.0
二阶交叉,191,200.0,-200.0
二阶交叉,192,200.0,-200.0
二阶交叉,193,200.0,-200.0
二阶交叉,194,200.0,-200.0
二阶交叉,195,200.0,-200.0
二阶交叉,196,200.0,-200.0
二阶交叉,197,200.0,-200.0
二阶交叉,198,200.0,-200.0
二阶交叉,199,200.0,-200.0
二阶交叉,200,200.0,-200.0
二阶交叉,201,200.0,-200.0
二阶交叉,202,200.0,-200.0
二阶交叉,203,200.0,-200.0
二阶交叉,204,200.0,-200.0
二阶交叉,205,200.0,-200.0
二阶交叉,206,200.0,-200.0
二阶交叉,207,200.0,-200.0
二阶交叉,208,200.0,-200.0
二阶交叉,209,200.0,-200.0
二阶交叉,210,200.0,-200.0
二阶交叉,211,200.0,-200.0
二阶交叉,212,200.0,-200.0
二阶交叉,213,200.0,-200.0
二阶交叉,214,200.0,-200.0
二阶交叉,215,200.0,-200.0
二阶交叉,216,200.0,-200.0
二阶交叉,217,200.0,-200.0
二阶交叉,218,200.0,-200.0
二阶交叉,219,200.0,-200.0
二阶交叉,220,200.0,-200.0
二阶交叉,221,200.0,-200.0
二阶交叉,222,200.0,-200.0
二阶交叉,223,200.0,-200.0
二阶交叉,224,200.0,-200.0
二阶交叉,225,200.0,-200.0
二阶交叉,226,200.0,-200.0
二阶交叉,227,200.0,-200.0
二阶交叉,228,200.0,-200.0
二阶交叉,229,200.0,-200.0
二阶交叉,230,200.0,-200.0
二阶交叉,231,200.0,-200.0
二阶交叉,232,200.0,-200.0
二阶交叉,233,200.0,-200.0
二阶交叉,234,200.0,-200.0
二阶交叉,235,200.0,-200.0
二阶交叉,236,200.0,-200.0
二阶交叉,237,200.0,-200.0
二阶交叉,238,200.0,-200.0
二阶交叉,239,200.0,-200.0
二阶交叉,240,200.0,-200.0
二阶交叉,241,200.0,-200.0
二阶交叉,242,200.0,-200.0
二阶交叉,243,200.0,-200.0
二阶交叉,244,200.0,-200.0
二阶交叉,245,200.0,-200.0
二阶交叉,246,200.0,-200.0
二阶交叉,247,200.0,-200.0
二阶交叉,248,200.0,-200.0
二阶交叉,249,200.0,-200.0
二阶交叉,250,200.0,-200.0
二阶交叉,251,200.0,-200.0
二阶交叉,252,200.0,-200.0
二阶交叉,253,200.0,-200.0
二阶交叉,254,200.0,-200.0
二阶交叉,255,200.0,-200.0
二阶交叉,256,200.0,-200.0
二阶交叉,257,200.0,-200.0
二阶交叉,258,200.0,-200.0
二阶交叉,259,200.0,-200.0
二阶交叉,260,200.0,-200.0
二阶交叉,261,200.0,-200.0
二阶交叉,262,200.0,-200.0
二阶交叉,263,200.0,-200.0
二阶交叉,264,200.0,-200.0
二阶交叉,265,200.0,-200.0
二阶交叉,266,200.0,-200.0
二阶交叉,267,200.0,-200.0
二阶交叉,268,200.0,-200.0
二阶交叉,269,200.0,-200.0
二阶交叉,270,200.0,-200.0
二阶交叉,271,200.0,-200.0
二阶交叉,272,200.0,-200.0
二阶交叉,273,200.0,-200.0
二阶交叉,274,200.0,-200.0
二阶交叉,275,200.0,-200.0
二阶交叉,276,200.0,-200.0
二阶交叉,277,193.0,-193.0
二阶交叉,278,200.0,-200.0
二阶交叉,279,200.0,-200.0
二阶交叉,280,200.0,-200.0
二阶交叉,281,200.0,-200.0
二阶交叉,282,200.0,-200.0
二阶交叉,283,200.0,-200.0
二阶交叉,284,134.0,-134.0
二阶交叉,285,200.0,-200.0
二阶交叉,286,200.0,-200.0
二阶交叉,287,196.0,-196.0
二阶交叉,288,200.0,-200.0
二阶交叉,289,200.0,-200.0
二阶交叉,290,200.0,-200.0
二阶交叉,291,200.0,-200.0
二阶交叉,292,200.0,-200.0
二阶交叉,293,200.0,-200.0
二阶交叉,294,200.0,-200.0
二阶交叉,295,200.0,-200.0
二阶交叉,296,200.0,-200.0
二阶交叉,297,122.0,-122.0
二阶交叉,298,127.0,-127.0
二阶交叉,299,200.0,-200.0
二阶交叉,300,198.0,-198.0
二阶交叉,301,200.0,-200.0
二阶交叉,302,200.0,-200.0
二阶交叉,303,200.0,-200.0
二阶交叉,304,197.0,-197.0
二阶交叉,305,200.0,-200.0
二阶交叉,306,188.0,-188.0
二阶交叉,307,200.0,-200.0
二阶交叉,308,118.0,-118.0
二阶交叉,309,200.0,-200.0
二阶交叉,310,198.0,-198.0
二阶交叉,311,200.0,-200.0
二阶交叉,312,192.0,-192.0
二阶交叉,313,200.0,-200.0
二阶交叉,314,200.0,-200.0
二阶交叉,315,200.0,-200.0
二阶交叉,316,200.0,-200.0
二阶交叉,317,200.0,-200.0
二阶交叉,318,197.0,-197.0
二阶交叉,319,200.0,-200.0
二阶交叉,320,200.0,-200.0
二阶交叉,321,200.0,-200.0
二阶交叉,322,200.0,-200.0
二阶交叉,323,199.0,-199.0
二阶交叉,324,200.0,-200.0
二阶交叉,325,124.0,-124.0
二阶交叉,326,200.0,-200.0
二阶交叉,327,200.0,-200.0
二阶交叉,328,179.0,-179.0
二阶交叉,329,197.0,-197.0
二阶交叉,330,200.0,-200.0
二阶交叉,331,194.0,-194.0
二阶交叉,332,200.0,-200.0
二阶交叉,333,184.0,-184.0
二阶交叉,334,200.0,-200.0
二阶交叉,335,199.0,-199.0
二阶交叉,336,200.0,-200.0
二阶交叉,337,200.0,-200.0
二阶交叉,338,196.0,-196.0
二阶交叉,339,200.0,-200.0
二阶交叉,340,186.0,-186.0
二阶交叉,341,200.0,-200.0
二阶交叉,342,194.0,-194.0
二阶交叉,343,200.0,-200.0
二阶交叉,344,188.0,-188.0
二阶交叉,345,200.0,-200.0
二阶交叉,346,200.0,-200.0
二阶交叉,347,200.0,-200.0
二阶交叉,348,200.0,-200.0
二阶交叉,349,200.0,-200.0
二阶交叉,350,200.0,-200.0
二阶交叉,351,200.0,-200.0
二阶交叉,352,200.0,-200.0
二阶交叉,353,200.0,-200.0
二阶交叉,354,200.0,-200.0
二阶交叉,355,200.0,-200.0
二阶交叉,356,200.0,-200.0
二阶交叉,357,200.0,-200.0
二阶交叉,358,200.0,-200.0
二阶交叉,359,200.0,-200.0
二阶交叉,360,200.0,-200.0
二阶交叉,361,200.0,-200.0
二阶交叉,362,200.0,-200.0
二阶交叉,363,200.0,-200.0
二阶交叉,364,200.0,-200.0
二阶交叉,365,200.0,-200.0
二阶交叉,366,200.0,-200.0
二阶交叉,367,200.0,-200.0
二阶交叉,368,200.0,-200.0
二阶交叉,369,200.0,-200.0
二阶交叉,370,200.0,-200.0
二阶交叉,371,200.0,-200.0
二阶交叉,372,200.0,-200.0
二阶交叉,373,200.0,-200.0
二阶交叉,374,200.0,-200.0
二阶交叉,375,200.0,-200.0
二阶交叉,376,200.0,-200.0
二阶交叉,377,200.0,-200.0
二阶交叉,378,200.0,-200.0
二阶交叉,379,200.0,-200.0
二阶交叉,380,200.0,-200.0
二阶交叉,381,200.0,-200.0
二阶交叉,382,200.0,-200.0
二阶交叉,383,200.0,-200.0
二阶交叉,384,200.0,-200.0
二阶交叉,385,200.0,-200.0
二阶交叉,386,200.0,-200.0
二阶交叉,387,200.0,-200.0
二阶交叉,388,200.0,-200.0
二阶交叉,389,200.0,-200.0
二阶交叉,390,200.0,-200.0
二阶交叉,391,200.0,-200.0
二阶交叉,392,200.0,-200.0
二阶交叉,393,200.0,-200.0
二阶交叉,394,200.0,-200.0
二阶交叉,395,200.0,-200.0
二阶交叉,396,200.0,-200.0
二阶交叉,397,200.0,-200.0
二阶交叉,398,200.0,-200.0
二阶交叉,399,200.0,-200.0
二阶交叉,400,200.0,-200.0
二阶交叉,401,200.0,-200.0
二阶交叉,402,200.0,-200.0
二阶交叉,403,200.0,-200.0
二阶交叉,404,200.0,-200.0
二阶交叉,405,200.0,-200.0
二阶交叉,406,200.0,-200.0
二阶交叉,407,200.0,-200.0
二阶交叉,408,200.0,-200.0
二阶交叉,409,200.0,-200.0
二阶交叉,410,200.0,-200.0
二阶交叉,411,200.0,-200.0
二阶交叉,412,200.0,-200.0
二阶交叉,413,200.0,-200.0
二阶交叉,414,200.0,-200.0
二阶交叉,415,200.0,-200.0
二阶交叉,416,200.0,-200.0
二阶交叉,417,200.0,-200.0
二阶交叉,418,200.0,-200.0
二阶交叉,419,200.0,-200.0
二阶交叉,420,200.0,-200.0
二阶交叉,421,200.0,-200.0
二阶交叉,422,200.0,-200.0
二阶交叉,423,200.0,-200.0
二阶交叉,424,200.0,-200.0
二阶交叉,425,200.0,-200.0
二阶交叉,426,200.0,-200.0
二阶交叉,427,200.0,-200.0
二阶交叉,428,200.0,-200.0
二阶交叉,429,200.0,-200.0
二阶交叉,430,200.0,-200.0
二阶交叉,431,200.0,-200.0
二阶交叉,432,200.0,-200.0
二阶交叉,433,200.0,-200.0
二阶交叉,434,200.0,-200.0
二阶交叉,435,200.0,-200.0
二阶交叉,436,200.0,-200.0
二阶交叉,437,200.0,-200.0
二阶交叉,438,200.0,-200.0
二阶交叉,439,200.0,-200.0
二阶交叉,440,200.0,-200.0
二阶交叉,441,200.0,-200.0
二阶交叉,442,200.0,-200.0
二阶交叉,443,200.0,-200.0
二阶交叉,444,200.0,-200.0
二阶交叉,445,200.0,-200.0
二阶交叉,446,200.0,-200.0
二阶交叉,447,200.0,-200.0
二阶交叉,448,200.0,-200.0
二阶交叉,449,200.0,-200.0
二阶交叉,450,200.0,-200.0
二阶交叉,451,200.0,-200.0
二阶交叉,452,200.0,-200.0
二阶交叉,453,200.0,-200.0
二阶交叉,454,200.0,-200.0
二阶交叉,455,200.0,-200.0
二阶交叉,456,200.0,-200.0
二阶交叉,457,200.0,-200.0
二阶交叉,458,200.0,-200.0
二阶交叉,459,200.0,-200.0
二阶交叉,460,200.0,-200.0
二阶交叉,461,200.0,-200.0
二阶交叉,462,200.0,-200.0
二阶交叉,463,200.0,-200.0
二阶交叉,464,200.0,-200.0
二阶交叉,465,200.0,-200.0
二阶交叉,466,200.0,-200.0
二阶交叉,467,200.0,-200.0
二阶交叉,468,200.0,-200.0
二阶交叉,469,200.0,-200.0
二阶交叉,470,200.0,-200.0
二阶交叉,471,200.0,-200.0
二阶交叉,472,200.0,-200.0
二阶交叉,473,200.0,-200.0
二阶交叉,474,200.0,-200.0
二阶交叉,475,200.0,-200.0
二阶交叉,476,200.0,-200.0
二阶交叉,477,200.0,-200.0
二阶交叉,478,200.0,-200.0
二阶交叉,479,200.0,-200.0
二阶交叉,480,200.0,-200.0
二阶交叉,481,200.0,-200.0
二阶交叉,482,200.0,-200.0
二阶交叉,483,200.0,-200.0
二阶交叉,484,200.0,-200.0
二阶交叉,485,200.0,-200.0
二阶交叉,486,200.0,-200.0
二阶交叉,487,200.0,-200.0
二阶交叉,488,200.0,-200.0
二阶交叉,489,200.0,-200.0
二阶交叉,490,200.0,-200.0
二阶交叉,491,200.0,-200.0
二阶交叉,492,200.0,-200.0
二阶交叉,493,200.0,-200.0
二阶交叉,494,200.0,-200.0
二阶交叉,495,200.0,-200.0
二阶交叉,496,200.0,-200.0
二阶交叉,497,200.0,-200.0
二阶交叉,498,200.0,-200.0
二阶交叉,499,200.0,-200.0
二阶交叉,500,200.0,-200.0
二阶交叉,501,200.0,-200.0
二阶交叉,502,200.0,-200.0
二阶交叉,503,200.0,-200.0
二阶交叉,504,200.0,-200.0
二阶交叉,505,200.0,-200.0
二阶交叉,506,200.0,-200.0
二阶交叉,507,200.0,-200.0
二阶交叉,508,200.0,-200.0
二阶交叉,509,200.0,-200.0
二阶交叉,510,200.0,-200.0
二阶交叉,511,200.0,-200.0
二阶交叉,512,200.0,-200.0
二阶交叉,513,200.0,-200.0
二阶交叉,514,200.0,-200.0
二阶交叉,515,200.0,-200.0
二阶交叉,516,200.0,-200.0
二阶交叉,517,200.0,-200.0
二阶交叉,518,200.0,-200.0
二阶交叉,519,200.0,-200.0
二阶交叉,520,200.0,-200.0
二阶交叉,521,200.0,-200.0
二阶交叉,522,200.0,-200.0
二阶交叉,523,200.0,-200.0
二阶交叉,524,200.0,-200.0
二阶交叉,525,200.0,-200.0
二阶交叉,526,200.0,-200.0
二阶交叉,527,200.0,-200.0
二阶交叉,528,200.0,-200.0
二阶交叉,529,200.0,-200.0
二阶交叉,530,200.0,-200.0
二阶交叉,531,200.0,-200.0
二阶交叉,532,200.0,-200.0
二阶交叉,533,200.0,-200.0
二阶交叉,534,200.0,-200.0
二阶交叉,535,200.0,-200.0
二阶交叉,536,200.0,-200.0
二阶交叉,537,200.0,-200.0
二阶交叉,538,200.0,-200.0
二阶交叉,539,200.0,-200.0
二阶交叉,540,200.0,-200.0
二阶交叉,541,200.0,-200.0
二阶交叉,542,200.0,-200.0
二阶交叉,543,200.0,-200.0
二阶交叉,544,200.0,-200.0
二阶交叉,545,200.0,-200.0
二阶交叉,546,200.0,-200.0
二阶交叉,547,200.0,-200.0
二阶交叉,548,200.0,-200.0
二阶交叉,549,200.0,-200.0
二阶交叉,550,200.0,-200.0
二阶交叉,551,200.0,-200.0
二阶交叉,552,200.0,-200.0
二阶交叉,553,200.0,-200.0
二阶交叉,554,200.0,-200.0
二阶交叉,555,200.0,-200.0
二阶交叉,556,200.0,-200.0
二阶交叉,557,200.0,-200.0
二阶交叉,558,200.0,-200.0
二阶交叉,559,200.0,-200.0
二阶交叉,560,200.0,-200.0
二阶交叉,561,200.0,-200.0
二阶交叉,562,200.0,-200.0
二阶交叉,563,200.0,-200.0
二阶交叉,564,200.0,-200.0
二阶交叉,565,200.0,-200.0
二阶交叉,566,200.0,-200.0
二阶交叉,567,200.0,-200.0
二阶交叉,568,200.0,-200.0
二阶交叉,569,200.0,-200.0
二阶交叉,570,200.0,-200.0
二阶交叉,571,200.0,-200.0
二阶交叉,572,200.0,-200.0
二阶交叉,573,200.0,-200.0
二阶交叉,574,200.0,-200.0
二阶交叉,575,200.0,-200.0
二阶交叉,576,200.0,-200.0
二阶交叉,577,200.0,-200.0
二阶交叉,578,200.0,-200.0
二阶交叉,579,200.0,-200.0
二阶交叉,580,200.0,-200.0
二阶交叉,581,200.0,-200.0
二阶交叉,582,200.0,-200.0
二阶交叉,583,200.0,-200.0
二阶交叉,584,200.0,-200.0
二阶交叉,585,200.0,-200.0
二阶交叉,586,200.0,-200.0
二阶交叉,587,200.0,-200.0
二阶交叉,588,200.0,-200.0
二阶交叉,589,200.0,-200.0
二阶交叉,590,200.0,-200.0
二阶交叉,591,200.0,-200.0
二阶交叉,592,200.0,-200.0
二阶交叉,593,200.0,-200.0
二阶交叉,594,200.0,-200.0
二阶交叉,595,200.0,-200.0
二阶交叉,596,200.0,-200.0
二阶交叉,597,200.0,-200.0
二阶交叉,598,200.0,-200.0
二阶交叉,599,200.0,-200.0
二阶交叉,600,200.0,-200.0
二阶交叉,601,200.0,-200.0
二阶交叉,602,200.0,-200.0
二阶交叉,603,200.0,-200.0
二阶交叉,604,200.0,-200.0
二阶交叉,605,200.0,-200.0
二阶交叉,606,200.0,-200.0
二阶交叉,607,200.0,-200.0
二阶交叉,608,200.0,-200.0
二阶交叉,609,200.0,-200.0
二阶交叉,610,200.0,-200.0
二阶交叉,611,200.0,-200.0
二阶交叉,612,200.0,-200.0
二阶交叉,613,200.0,-200.0
二阶交叉,614,200.0,-200.0
二阶交叉,615,200.0,-200.0
二阶交叉,616,200.0,-200.0
二阶交叉,617,200.0,-200.0
二阶交叉,618,200.0,-200.0
二阶交叉,619,200.0,-200.0
二阶交叉,620,200.0,-200.0
二阶交叉,621,200.0,-200.0
二阶交叉,622,200.0,-200.0
二阶交叉,623,200.0,-200.0
二阶交叉,624,200.0,-200.0
二阶交叉,625,200.0,-200.0
二阶交叉,626,200.0,-200.0
二阶交叉,627,200.0,-200.0
二阶交叉,628,200.0,-200.0
二阶交叉,629,200.0,-200.0
二阶交叉,630,200.0,-200.0
二阶交叉,631,200.0,-200.0
二阶交叉,632,200.0,-200.0
二阶交叉,633,200.0,-200.0
二阶交叉,634,200.0,-200.0
二阶交叉,635,200.0,-200.0
二阶交叉,636,200.0,-200.0
二阶交叉,637,200.0,-200.0
二阶交叉,638,200.0,-200.0
二阶交叉,639,200.0,-200.0
二阶交叉,640,200.0,-200.0
二阶交叉,641,200.0,-200.0
二阶交叉,642,200.0,-200.0
二阶交叉,643,200.0,-200.0
二阶交叉,644,200.0,-200.0
二阶交叉,645,200.0,-200.0
二阶交叉,646,200.0,-200.0
二阶交叉,647,200.0,-200.0
二阶交叉,648,200.0,-200.0
二阶交叉,649,200.0,-200.0
二阶交叉,650,200.0,-200.0
二阶交叉,651,200.0,-200.0
二阶交叉,652,200.0,-200.0
二阶交叉,653,200.0,-200.0
二阶交叉,654,200.0,-200.0
二阶交叉,655,200.0,-200.0
二阶交叉,656,200.0,-200.0
二阶交叉,657,200.0,-200.0
二阶交叉,658,200.0,-200.0
二阶交叉,659,200.0,-200.0
二阶交叉,660,200.0,-200.0
二阶交叉,661,200.0,-200.0
二阶交叉,662,200.0,-200.0
二阶交叉,663,200.0,-200.0
二阶交叉,664,200.0,-200.0
二阶交叉,665,200.0,-200.0
二阶交叉,666,200.0,-200.0
二阶交叉,667,200.0,-200.0
二阶交叉,668,200.0,-200.0
二阶交叉,669,200.0,-200.0
二阶交叉,670,200.0,-200.0
二阶交叉,671,200.0,-200.0
二阶交叉,672,200.0,-200.0
二阶交叉,673,200.0,-200.0
二阶交叉,674,200.0,-200.0
二阶交叉,675,200.0,-200.0
二阶交叉,676,200.0,-200.0
二阶交叉,677,200.0,-200.0
二阶交叉,678,200.0,-200.0
二阶交叉,679,200.0,-200.0
二阶交叉,680,200.0,-200.0
二阶交叉,681,200.0,-200.0
二阶交叉,682,200.0,-200.0
二阶交叉,683,200.0,-200.0
二阶交叉,684,200.0,-200.0
二阶交叉,685,200.0,-200.0
二阶交叉,686,200.0,-200.0
二阶交叉,687,200.0,-200.0
二阶交叉,688,200.0,-200.0
二阶交叉,689,200.0,-200.0
二阶交叉,690,200.0,-200.0
二阶交叉,691,200.0,-200.0
二阶交叉,692,200.0,-200.0
二阶交叉,693,200.0,-200.0
二阶交叉,694,200.0,-200.0
二阶交叉,695,200.0,-200.0
二阶交叉,696,200.0,-200.0
二阶交叉,697,200.0,-200.0
二阶交叉,698,200.0,-200.0
二阶交叉,699,200.0,-200.0
二阶交叉,700,200.0,-200.0
二阶交叉,701,200.0,-200.0
二阶交叉,702,200.0,-200.0
二阶交叉,703,200.0,-200.0
二阶交叉,704,200.0,-200.0
二阶交叉,705,200.0,-200.0
二阶交叉,706,200.0,-200.0
二阶交叉,707,200.0,-200.0
二阶交叉,708,200.0,-200.0
二阶交叉,709,200.0,-200.0
二阶交叉,710,200.0,-200.0
二阶交叉,711,200.0,-200.0
二阶交叉,712,200.0,-200.0
二阶交叉,713,200.0,-200.0
二阶交叉,714,200.0,-200.0
二阶交叉,715,200.0,-200.0
二阶交叉,716,200.0,-200.0
二阶交叉,717,200.0,-200.0
二阶交叉,718,200.0,-200.0
二阶交叉,719,200.0,-200.0
二阶交叉,720,200.0,-200.0
二阶交叉,721,200.0,-200.0
二阶交叉,722,200.0,-200.0
二阶交叉,723,200.0,-200.0
二阶交叉,724,200.0,-200.0
二阶交叉,725,200.0,-200.0
二阶交叉,726,200.0,-200.0
二阶交叉,727,200.0,-200.0
二阶交叉,728,200.0,-200.0
二阶交叉,729,200.0,-200.0
二阶交叉,730,200.0,-200.0
二阶交叉,731,200.0,-200.0
二阶交叉,732,200.0,-200.0
二阶交叉,733,200.0,-200.0
二阶交叉,734,200.0,-200.0
二阶交叉,735,200.0,-200.0
二阶交叉,736,200.0,-200.0
二阶交叉,737,200.0,-200.0
二阶交叉,738,200.0,-200.0
二阶交叉,739,200.0,-200.0
二阶交叉,740,200.0,-200.0
二阶交叉,741,200.0,-200.0
二阶交叉,742,200.0,-200.0
二阶交叉,743,200.0,-200.0
二阶交叉,744,200.0,-200.0
二阶交叉,745,200.0,-200.0
二阶交叉,746,200.0,-200.0
二阶交叉,747,200.0,-200.0
二阶交叉,748,200.0,-200.0
二阶交叉,749,200.0,-200.0
二阶交叉,750,200.0,-200.0
二阶交叉,751,200.0,-200.0
二阶交叉,752,200.0,-200.0
二阶交叉,753,200.0,-200.0
二阶交叉,754,200.0,-200.0
二阶交叉,755,200.0,-200.0
二阶交叉,756,200.0,-200.0
二阶交叉,757,200.0,-200.0
二阶交叉,758,200.0,-200.0
二阶交叉,759,200.0,-200.0
二阶交叉,760,200.0,-200.0
二阶交叉,761,200.0,-200.0
二阶交叉,762,200.0,-200.0
二阶交叉,763,200.0,-200.0
二阶交叉,764,200.0,-200.0
二阶交叉,765,200.0,-200.0
二阶交叉,766,200.0,-200.0
二阶交叉,767,200.0,-200.0
二阶交叉,768,200.0,-200.0
二阶交叉,769,200.0,-200.0
二阶交叉,770,200.0,-200.0
二阶交叉,771,200.0,-200.0
二阶交叉,772,200.0,-200.0
二阶交叉,773,200.0,-200.0
二阶交叉,774,200.0,-200.0
二阶交叉,775,200.0,-200.0
二阶交叉,776,200.0,-200.0
二阶交叉,777,200.0,-200.0
二阶交叉,778,200.0,-200.0
二阶交叉,779,200.0,-200.0
二阶交叉,780,200.0,-200.0
二阶交叉,781,200.0,-200.0
二阶交叉,782,200.0,-200.0
二阶交叉,783,200.0,-200.0
二阶交叉,784,200.0,-200.0
二阶交叉,785,200.0,-200.0
二阶交叉,786,200.0,-200.0
二阶交叉,787,200.0,-200.0
二阶交叉,788,200.0,-200.0
二阶交叉,789,200.0,-200.0
二阶交叉,790,200.0,-200.0
二阶交叉,791,200.0,-200.0
二阶交叉,792,200.0,-200.0
二阶交叉,793,200.0,-200.0
二阶交叉,794,200.0,-200.0
二阶交叉,795,200.0,-200.0
二阶交叉,796,200.0,-200.0
二阶交叉,797,200.0,-200.0
二阶交叉,798,200.0,-200.0
二阶交叉,799,200.0,-200.0
二阶交叉,800,200.0,-200.0
二阶交叉,801,200.0,-200.0
二阶交叉,802,200.0,-200.0
二阶交叉,803,200.0,-200.0
二阶交叉,804,200.0,-200.0
二阶交叉,805,200.0,-200.0
二阶交叉,806,200.0,-200.0
二阶交叉,807,200.0,-200.0
二阶交叉,808,200.0,-200.0
二阶交叉,809,200.0,-200.0
二阶交叉,810,200.0,-200.0
二阶交叉,811,200.0,-200.0
二阶交叉,812,200.0,-200.0
二阶交叉,813,200.0,-200.0
二阶交叉,814,200.0,-200.0
二阶交叉,815,200.0,-200.0
二阶交叉,816,200.0,-200.0
二阶交叉,817,200.0,-200.0
二阶交叉,818,200.0,-200.0
二阶交叉,819,200.0,-200.0
二阶交叉,820,200.0,-200.0
二阶交叉,821,200.0,-200.0
二阶交叉,822,200.0,-200.0
二阶交叉,823,200.0,-200.0
二阶交叉,824,200.0,-200.0
二阶交叉,825,200.0,-200.0
二阶交叉,826,200.0,-200.0
二阶交叉,827,200.0,-200.0
二阶交叉,828,200.0,-200.0
二阶交叉,829,200.0,-200.0
二阶交叉,830,200.0,-200.0
二阶交叉,831,200.0,-200.0
二阶交叉,832,200.0,-200.0
二阶交叉,833,200.0,-200.0
二阶交叉,834,200.0,-200.0
二阶交叉,835,200.0,-200.0
二阶交叉,836,200.0,-200.0
二阶交叉,837,200.0,-200.0
二阶交叉,838,200.0,-200.0
二阶交叉,839,200.0,-200.0
二阶交叉,840,200.0,-200.0
二阶交叉,841,200.0,-200.0
二阶交叉,842,200.0,-200.0
二阶交叉,843,200.0,-200.0
二阶交叉,844,200.0,-200.0
二阶交叉,845,200.0,-200.0
二阶交叉,846,200.0,-200.0
二阶交叉,847,200.0,-200.0
二阶交叉,848,200.0,-200.0
二阶交叉,849,200.0,-200.0
二阶交叉,850,200.0,-200.0
二阶交叉,851,200.0,-200.0
二阶交叉,852,200.0,-200.0
二阶交叉,853,200.0,-200.0
二阶交叉,854,200.0,-200.0
二阶交叉,855,200.0,-200.0
二阶交叉,856,200.0,-200.0
二阶交叉,857,200.0,-200.0
二阶交叉,858,200.0,-200.0
二阶交叉,859,200.0,-200.0
二阶交叉,860,200.0,-200.0
二阶交叉,861,200.0,-200.0
二阶交叉,862,200.0,-200.0
二阶交叉,863,200.0,-200.0
二阶交叉,864,200.0,-200.0
二阶交叉,865,200.0,-200.0
二阶交叉,866,200.0,-200.0
二阶交叉,867,200.0,-200.0
二阶交叉,868,200.0,-200.0
二阶交叉,869,200.0,-200.0
二阶交叉,870,200.0,-200.0
二阶交叉,871,200.0,-200.0
二阶交叉,872,200.0,-200.0
二阶交叉,873,200.0,-200.0
二阶交叉,874,200.0,-200.0
二阶交叉,875,200.0,-200.0
二阶交叉,876,200.0,-200.0
二阶交叉,877,200.0,-200.0
二阶交叉,878,200.0,-200.0
二阶交叉,879,200.0,-200.0
二阶交叉,880,200.0,-200.0
二阶交叉,881,200.0,-200.0
二阶交叉,882,200.0,-200.0
二阶交叉,883,200.0,-200.0
二阶交叉,884,200.0,-200.0
二阶交叉,885,200.0,-200.0
二阶交叉,886,200.0,-200.0
二阶交叉,887,200.0,-200.0
二阶交叉,888,200.0,-200.0
二阶交叉,889,200.0,-200.0
二阶交叉,890,200.0,-200.0
二阶交叉,891,200.0,-200.0
二阶交叉,892,200.0,-200.0
二阶交叉,893,200.0,-200.0
二阶交叉,894,200.0,-200.0
二阶交叉,895,200.0,-200.0
二阶交叉,896,200.0,-200.0
二阶交叉,897,200.0,-200.0
二阶交叉,898,200.0,-200.0
二阶交叉,899,200.0,-200.0
二阶交叉,900,200.0,-200.0
二阶交叉,901,200.0,-200.0
二阶交叉,902,200.0,-200.0
二阶交叉,903,200.0,-200.0
二阶交叉,904,200.0,-200.0
二阶交叉,905,200.0,-200.0
二阶交叉,906,200.0,-200.0
二阶交叉,907,200.0,-200.0
二阶交叉,908,200.0,-200.0
二阶交叉,909,200.0,-200.0
二阶交叉,910,200.0,-200.0
二阶交叉,911,200.0,-200.0
二阶交叉,912,200.0,-200.0
二阶交叉,913,200.0,-200.0
二阶交叉,914,200.0,-200.0
二阶交叉,915,200.0,-200.0
二阶交叉,916,200.0,-200.0
二阶交叉,917,200.0,-200.0
二阶交叉,918,200.0,-200.0
二阶交叉,919,200.0,-200.0
二阶交叉,920,200.0,-200.0
二阶交叉,921,200.0,-200.0
二阶交叉,922,200.0,-200.0
二阶交叉,923,200.0,-200.0
二阶交叉,924,200.0,-200.0
二阶交叉,925,200.0,-200.0
二阶交叉,926,200.0,-200.0
二阶交叉,927,200.0,-200.0
二阶交叉,928,200.0,-200.0
二阶交叉,929,200.0,-200.0
二阶交叉,930,200.0,-200.0
二阶交叉,931,200.0,-200.0
二阶交叉,932,200.0,-200.0
二阶交叉,933,200.0,-200.0
二阶交叉,934,200.0,-200.0
二阶交叉,935,200.0,-200.0
二阶交叉,936,200.0,-200.0
二阶交叉,937,200.0,-200.0
二阶交叉,938,200.0,-200.0
二阶交叉,939,200.0,-200.0
二阶交叉,940,200.0,-200.0
二阶交叉,941,200.0,-200.0
二阶交叉,942,200.0,-200.0
二阶交叉,943,200.0,-200.0
二阶交叉,944,200.0,-200.0
二阶交叉,945,200.0,-200.0
二阶交叉,946,200.0,-200.0
二阶交叉,947,200.0,-200.0
二阶交叉,948,200.0,-200.0
二阶交叉,949,200.0,-200.0
二阶交叉,950,200.0,-200.0
二阶交叉,951,200.0,-200.0
二阶交叉,952,200.0,-200.0
二阶交叉,953,200.0,-200.0
二阶交叉,954,200.0,-200.0
二阶交叉,955,200.0,-200.0
二阶交叉,956,200.0,-200.0
二阶交叉,957,200.0,-200.0
二阶交叉,958,200.0,-200.0
二阶交叉,959,200.0,-200.0
二阶交叉,960,200.0,-200.0
二阶交叉,961,200.0,-200.0
二阶交叉,962,200.0,-200.0
二阶交叉,963,200.0,-200.0
二阶交叉,964,200.0,-200.0
二阶交叉,965,200.0,-200.0
二阶交叉,966,200.0,-200.0
二阶交叉,967,200.0,-200.0
二阶交叉,968,200.0,-200.0
二阶交叉,969,200.0,-200.0
二阶交叉,970,200.0,-200.0
二阶交叉,971,200.0,-200.0
二阶交叉,972,200.0,-200.0
二阶交叉,973,200.0,-200.0
二阶交叉,974,200.0,-200.0
二阶交叉,975,200.0,-200.0
二阶交叉,976,200.0,-200.0
二阶交叉,977,200.0,-200.0
二阶交叉,978,200.0,-200.0
二阶交叉,979,200.0,-200.0
二阶交叉,980,200.0,-200.0
二阶交叉,981,200.0,-200.0
二阶交叉,982,200.0,-200.0
二阶交叉,983,200.0,-200.0
二阶交叉,984,200.0,-200.0
二阶交叉,985,200.0,-200.0
二阶交叉,986,200.0,-200.0
二阶交叉,987,200.0,-200.0
二阶交叉,988,200.0,-200.0
二阶交叉,989,200.0,-200.0
二阶交叉,990,200.0,-200.0
二阶交叉,991,200.0,-200.0
二阶交叉,992,200.0,-200.0
二阶交叉,993,200.0,-200.0
二阶交叉,994,200.0,-200.0
二阶交叉,995,200.0,-200.0
二阶交叉,996,200.0,-200.0
二阶交叉,997,200.0,-200.0
二阶交叉,998,200.0,-200.0
二阶交叉,999,200.0,-200.0
